question,answer,topic,country,source,source_url,language
How can I improve soil fertility?,"Improve soil fertility through practices such as crop rotation, organic matter management, appropriate nutrient management and observation of soil conditions.",Soil,General,FAO,https://www.fao.org/pest-and-pesticide-management/pesticide-risk-reduction/ffs/en/,English
How can I reduce soil erosion?,"Use practices that protect soil from water and wind erosion, including maintaining soil cover, improving moisture retention and using appropriate conservation practices.",Soil,General,FAO,https://www.fao.org/pest-and-pesticide-management/pesticide-risk-reduction/ffs/en/,English
How should I manage water on my farm?,"Observe rainfall, soil moisture and crop water requirements, and use water-management practices suited to local soil, climate and cropping conditions.",Water management,General,FAO,https://www.fao.org/pest-and-pesticide-management/pesticide-risk-reduction/ffs/en/,English
How do I know when to control pests?,"Regularly observe the field for pests, diseases, weeds, crop condition and natural enemies. Pest-management decisions should consider whether the pest is actually causing economically important damage.",Pest management,General,FAO,https://www.fao.org/pest-and-pesticide-management/pesticide-risk-reduction/ffs/en/,English
Should I spray pesticides whenever I see insects?,Not necessarily. Integrated pest management uses monitoring and multiple control methods. Chemical pesticides are one option and should be used when appropriate rather than automatically.,Pest management,General,FAO,https://www.fao.org/pest-and-pesticide-management/pesticide-risk-reduction/ffs/en/,English
What is integrated pest management?,"Integrated pest management is a systematic approach that combines prevention, avoidance, monitoring and suppression while considering environmental and economic conditions.",IPM,General,FAO,https://www.fao.org/pest-and-pesticide-management/pesticide-risk-reduction/ffs/en/,English
How can I prevent plant diseases from spreading?,Field sanitation and hygiene can reduce disease spread. Cleaning farm machinery and clothing and using practices such as crop rotation and intercropping can also help.,Plant disease,General,FAO,https://www.fao.org/pest-and-pesticide-management/pesticide-risk-reduction/ffs/en/,English
Why should I observe my field regularly?,"Regular observation helps farmers assess crop development, diseases, weeds, insects and other field conditions and decide whether management action is needed.",Farm monitoring,General,FAO,https://www.fao.org/pest-and-pesticide-management/pesticide-risk-reduction/ffs/en/,English
How can I select better seed?,Seed quality and local varietal selection are important topics for farmer learning. Farmers can compare varieties and observe their performance under local conditions.,Seeds,General,FAO,https://www.fao.org/pest-and-pesticide-management/pesticide-risk-reduction/ffs/en/,English
What is a Farmer Field School?,"A Farmer Field School is a participatory, field-based learning approach where farmers observe, experiment, discuss results and make management decisions during a production cycle.",Farmer education,General,FAO,https://www.fao.org/pest-and-pesticide-management/pesticide-risk-reduction/ffs/en/,English
Can farmers test new farming practices themselves?,Yes. Farmer Field Schools encourage field experimentation and comparison of alternative practices so farmers can observe results under their own local conditions.,Farm experimentation,General,FAO,https://www.fao.org/pest-and-pesticide-management/pesticide-risk-reduction/ffs/en/,English
How can farming adapt to climate change?,"Adaptation can include improving moisture retention, improving soil fertility, protecting against erosion, using suitable drought-tolerant varieties and analysing local weather and cropping patterns.",Climate adaptation,General,FAO,https://www.fao.org/pest-and-pesticide-management/pesticide-risk-reduction/ffs/en/,English
What practices can help conserve soil moisture?,"Practices that maintain soil cover, improve soil condition and increase moisture retention can help conserve water in agricultural systems.",Water management,General,FAO,https://www.fao.org/pest-and-pesticide-management/pesticide-risk-reduction/ffs/en/,English
What is the role of natural enemies in pest management?,Natural enemies are part of the field ecosystem and should be considered when assessing pest populations before deciding on control measures.,IPM,General,FAO,https://www.fao.org/pest-and-pesticide-management/pesticide-risk-reduction/ffs/en/,English
Can crop rotation help with crop health?,"Crop rotation can be combined with other practices such as field sanitation and intercropping to help manage pests, diseases and weeds.",Crop management,General,FAO,https://www.fao.org/pest-and-pesticide-management/pesticide-risk-reduction/ffs/en/,English
