crop,disease,pathogen_or_cause,symptoms,favorable_conditions,prevention,management,organic_management,chemical_management,severity,source,source_url
Apple,Apple scab,Venturia inaequalis (fungus),Olive-green to dark lesions on leaves and fruit; lesions may become corky and fruit may crack.,"Cool, wet periods and prolonged leaf wetness.",Use resistant cultivars; remove or accelerate decomposition of fallen leaves; maintain an open canopy.,Sanitation and canopy management; monitor infection periods.,"Leaf sanitation, resistant cultivars, pruning and canopy drying.",Use only locally registered fungicides and follow the current crop label.,High,University of Minnesota Extension,https://extension.umn.edu/garden-and-home/yard-and-garden/gardening-in-minnesota/yard-and-garden-problems/apple-scab
Apple,Black rot,Botryosphaeria obtusa (fungus),"Brown or purple leaf spots, limb cankers and black, rotting fruit.","Warm, humid conditions; dead wood and mummified fruit can provide inoculum.",Remove mummified fruit and dead/cankered wood; prune for airflow.,"Sanitation, pruning and removal of infected plant material.",Remove infected material and maintain orchard hygiene.,Use locally registered products according to the apple disease label and extension guidance.,High,University of Minnesota Extension,https://extension.umn.edu/fruit/growing-apples
Apple,Cedar apple rust,Gymnosporangium spp. (rust fungi),Yellow-orange leaf spots; fruit infections may form abnormal growths.,Moist spring weather; requires compatible cedar/juniper and apple-family hosts.,Choose resistant cultivars and reduce nearby alternate hosts where practical.,Prune infected tissue and use resistant varieties; fungicide timing is preventive when needed.,"Resistant varieties, pruning and sanitation.",Chemical control must follow local registration and label directions.,Medium,University of Minnesota Extension,https://extension.umn.edu/garden-and-home/yard-and-garden/gardening-in-minnesota/yard-and-garden-problems/cedar-apple-rust
Cherry,Powdery mildew,Podosphaera spp. (fungi),White powdery growth on leaves and shoots; distorted or weakened young tissue.,Warm conditions with humid air but relatively dry leaf surfaces.,"Improve airflow, avoid excessive nitrogen, remove heavily affected tissue where feasible.",Canopy management and timely disease monitoring.,Sanitation and airflow management.,Use locally registered fungicides according to the crop label.,Medium,University extension guidance,https://extension.umn.edu/plant-diseases/powdery-mildew
Corn (maize),Cercospora leaf spot / Gray leaf spot,Cercospora zeae-maydis and related Cercospora spp.,Rectangular gray-to-tan lesions that develop between leaf veins.,"Warm, humid weather and extended leaf wetness.","Use resistant hybrids, crop rotation and residue management.",Scout lower leaves and manage susceptible fields using integrated disease management.,"Rotation, residue management and resistant hybrids.",Use only locally registered products and follow label/extension timing.,High,Crop Protection Network,https://cropprotectionnetwork.org/encyclopedia/gray-leaf-spot-of-corn
Corn (maize),Common rust,Puccinia sorghi (fungus),Small reddish-brown pustules on leaves that release rust-colored spores.,Moderate temperatures and humid conditions.,Use resistant hybrids where available and monitor fields.,Scout and manage severe susceptible crops according to local recommendations.,Resistant hybrids and field monitoring.,Use locally registered fungicides only when justified by local recommendations.,Medium,Crop Protection Network,https://cropprotectionnetwork.org/encyclopedia/common-rust-of-corn
Corn (maize),Northern leaf blight,Exserohilum turcicum (fungus),"Long, gray-green to tan cigar-shaped lesions on leaves.",Moderate temperatures with frequent moisture and humid conditions.,"Use resistant hybrids, rotate crops and manage residue where appropriate.",Early scouting and integrated management are important in susceptible fields.,"Rotation, resistant hybrids and residue management.",Use locally registered fungicides when recommended.,High,Crop Protection Network,https://cropprotectionnetwork.org/publications/an-overview-of-northern-corn-leaf-blight
Grape,Black rot,Guignardia bidwellii (fungus),"Circular brown leaf lesions and dark, shriveled fruit that become mummified.","Warm, humid weather with repeated rainfall.",Remove mummified fruit and infected tissue; maintain canopy airflow.,"Sanitation, pruning and timely disease monitoring.",Removal of mummies and infected tissue.,Use locally registered grape fungicides according to label and extension guidance.,High,University extension guidance,https://extension.umn.edu/fruit/growing-grapes
Grape,Esca (Black Measles),Complex of wood-associated fungi,"Leaf striping or spotting, berry spotting and internal wood discoloration; symptoms can vary.",Stress and infection through pruning wounds are associated with disease development.,Use clean planting material and minimize large pruning wounds; remove severely affected vines.,"Sanitation, pruning-wound management and removal of severely affected vines.",Clean propagation material and careful pruning hygiene.,Follow locally registered recommendations; chemical control is limited for established wood disease.,High,Extension/research guidance,https://www.canr.msu.edu/news/esca_and_black_measles_of_grape
Grape,Leaf blight (Isariopsis leaf spot),Pseudocercospora vitis / Isariopsis spp.,Leaf spots that may enlarge and cause premature leaf yellowing or defoliation.,"Warm, humid conditions and prolonged leaf wetness.",Improve canopy airflow and remove infected plant debris.,Integrated sanitation and canopy management.,Sanitation and airflow management.,Use locally registered products only when recommended for grape leaf diseases.,Medium,Agricultural extension guidance,https://plantpathology.ces.ncsu.edu/
Orange,Huanglongbing (Citrus greening),Candidatus Liberibacter spp.; transmitted by citrus psyllids,"Blotchy leaf mottling, yellow shoots, small or misshapen fruit and decline.",Presence of infected trees and psyllid vectors; disease spreads through infected propagation material.,"Use certified disease-free planting material, monitor/control vectors and remove infected trees where mandated.",Integrated vector and infected-tree management.,Healthy planting material and vector exclusion/management.,Follow official local citrus-health and pesticide regulations.,Very high,USDA/APS citrus greening resources,https://www.apsnet.org/edcenter/sites/Citruskiller/Pages/Background.aspx
Peach,Bacterial spot,Xanthomonas spp.,Small water-soaked or dark lesions on leaves and fruit; fruit spots can crack or become sunken.,"Warm, wet weather and frequent rain.",Use tolerant/resistant cultivars where available and maintain good orchard hygiene.,"Canopy management, sanitation and disease monitoring.",Pruning for airflow and removal of severely affected tissue.,Use only products registered for peach bacterial diseases in the country of use.,High,University extension guidance,https://extension.psu.edu/peach-disease-bacterial-spot
Pepper,Bacterial spot,Xanthomonas spp.,"Water-soaked or dark leaf spots, defoliation and raised or scabby fruit lesions.","Warm, wet conditions and splash dispersal.","Use clean seed/transplants, resistant varieties where available, avoid overhead irrigation and rotate crops.",Sanitation and integrated disease management.,"Clean seed, crop rotation and drip irrigation.",Use locally registered bactericides according to label.,High,University of Minnesota Extension,https://extension.umn.edu/agriculture/specialty-crops/vegetable-farming/disease-management/bacterial-spot-of-tomato-and-pepper
Potato,Early blight,Alternaria solani (fungus),Dark circular leaf lesions often with concentric rings; older leaves are affected first.,"Warm temperatures, leaf wetness and plant stress.","Use healthy seed, crop rotation, balanced nutrition and remove volunteer hosts.",Scout early and maintain plant vigor and sanitation.,"Rotation, sanitation and balanced nutrition.",Use locally registered fungicides when needed.,High,Cornell/extension disease resources,https://www.vegetables.cornell.edu/pest-management/keys-for-identifying-vegetable-diseases/potato-diagnostic-key/
Potato,Late blight,Phytophthora infestans (oomycete),Water-soaked irregular leaf lesions that rapidly turn brown; white sporulation may occur under humid conditions.,"Cool to mild temperatures, high humidity and leaf wetness.","Use certified seed, resistant/tolerant varieties where available, destroy volunteers and scout frequently.",Rapid sanitation and timely integrated management are critical.,"Resistant varieties, sanitation and careful irrigation.",Use locally registered late-blight products according to local forecasting/label guidance.,Very high,Cornell vegetable disease resources,https://www.vegetables.cornell.edu/pest-management/keys-for-identifying-vegetable-diseases/potato-diagnostic-key/
Squash,Powdery mildew,Podosphaera xanthii and related fungi,White powdery colonies on leaf surfaces followed by yellowing and premature senescence.,Warm conditions with humid air; disease can develop without free water on leaves.,"Use resistant varieties, good spacing and airflow; avoid excessive nitrogen.",Monitor early and manage infected foliage/canopy density.,Resistant varieties and canopy airflow.,Use locally registered fungicides according to label.,High,University extension guidance,https://extension.umn.edu/plant-diseases/powdery-mildew
Strawberry,Leaf scorch,Diplocarpon earlianum (fungus),Small dark purple to reddish leaf spots that can enlarge and give leaves a scorched appearance.,"Warm, wet weather and prolonged leaf wetness.","Use resistant/tolerant cultivars, remove infected debris and improve airflow.",Sanitation and canopy management.,Remove diseased leaves and reduce leaf wetness.,Use locally registered strawberry fungicides when recommended.,Medium,UC IPM,https://ipm.ucanr.edu/home-and-landscape/strawberry/pests-and-diseases/
Tomato,Bacterial spot,Xanthomonas spp.,"Small dark leaf spots, defoliation and raised dark lesions on fruit.","Warm, wet conditions; splash and contaminated seed/transplants spread bacteria.","Use clean seed/transplants, resistant varieties where available, avoid overhead irrigation and rotate crops.","Sanitation, crop rotation and careful irrigation.",Clean seed and sanitation.,Use only locally registered products according to the tomato label.,High,University of Minnesota Extension,https://extension.umn.edu/agriculture/specialty-crops/vegetable-farming/disease-management/bacterial-spot-of-tomato-and-pepper
Tomato,Early blight,Alternaria solani,"Brown leaf lesions with concentric rings, often beginning on older foliage; can cause defoliation.","Warm, humid conditions and leaf wetness.","Crop rotation, sanitation, mulch and good airflow.","Scout early, maintain plant vigor and reduce soil splash.","Mulching, sanitation and crop rotation.",Use locally registered fungicides when needed.,High,Cornell vegetable disease resources,https://www.vegetables.cornell.edu/pest-management/keys-for-identifying-vegetable-diseases/tomato-diagnostic-key/
Tomato,Late blight,Phytophthora infestans,Rapidly expanding water-soaked green-gray to brown lesions; white sporulation may appear under humid conditions.,"Cool to mild temperatures, high humidity and prolonged leaf wetness.","Use resistant varieties where available, healthy transplants and rapid removal of infected material.",Frequent scouting and integrated management are important.,Sanitation and resistant varieties.,Use locally registered late-blight products according to label and local forecasts.,Very high,Cornell vegetable disease resources,https://www.vegetables.cornell.edu/pest-management/keys-for-identifying-vegetable-diseases/tomato-diagnostic-key/
Tomato,Leaf mold,Passalora fulva,Yellow patches on upper leaf surfaces with olive-green to brown velvety growth underneath.,High relative humidity and poor air circulation.,"Improve ventilation/spacing, avoid prolonged leaf wetness and use resistant varieties.",Remove heavily affected leaves and manage greenhouse humidity.,"Airflow, sanitation and resistant varieties.",Use locally registered fungicides when recommended.,Medium,Cornell University,https://www.vegetables.cornell.edu/pest-management/disease-factsheets/tomato-leaf-mold/
Tomato,Septoria leaf spot,Septoria lycopersici,Numerous small circular leaf spots with dark margins and pale centers; lower leaves usually affected first.,"Warm, wet conditions and splash dispersal.","Remove infected debris, mulch soil, rotate crops and avoid overhead irrigation.",Sanitation and reduction of leaf wetness.,"Mulching, rotation and sanitation.",Use locally registered fungicides when necessary.,High,Cornell vegetable disease resources,https://www.vegetables.cornell.edu/pest-management/keys-for-identifying-vegetable-diseases/tomato-diagnostic-key/
Tomato,Spider mites (two-spotted spider mite),Tetranychus urticae (mite),"Fine stippling or bronzing, webbing and leaf drying under severe infestation.","Hot, dry conditions; dusty conditions and broad-spectrum pesticide disruption of natural enemies can contribute.","Reduce plant stress, conserve natural enemies and monitor leaf undersides.",Integrated pest management and early monitoring.,"Water management, biological control and removal of heavily infested tissue where practical.",Use only registered miticides when thresholds justify treatment; follow label.,High,UC IPM / extension guidance,https://ipm.ucanr.edu/
Tomato,Target spot,Corynespora cassiicola (fungus),Brown circular leaf spots that may have concentric rings; fruit can develop sunken lesions.,"Warm, humid weather and prolonged leaf wetness.","Use clean transplants, improve airflow and reduce leaf wetness.",Scout and manage canopy humidity and sanitation.,Sanitation and airflow.,Use locally registered fungicides according to label.,High,UF/IFAS,https://ask.ifas.ufl.edu/publication/PP351
Tomato,Tomato yellow leaf curl virus,Tomato yellow leaf curl virus; transmitted mainly by whiteflies,"Upward leaf curling, yellowing, stunting and reduced fruit set.",High whitefly pressure and infected plants/propagation material.,"Use resistant varieties where available, clean transplants and manage whiteflies.",Rogue infected plants where appropriate and use integrated vector management.,"Resistant varieties, exclusion and biological control of vectors.",Use only locally registered whitefly-management products and follow resistance-management guidance.,Very high,UF/IFAS,https://edis.ifas.ufl.edu/publication/PP368
Tomato,Tomato mosaic virus,Tomato mosaic virus,"Mottled light/dark green leaves, distortion and variable fruit symptoms; plants may be stunted.","Virus carried on contaminated seed, tools, hands and plant debris.","Use certified seed, sanitation and resistant varieties; avoid handling plants when wet.",Remove infected plants and disinfect tools and hands.,Sanitation and resistant varieties.,No curative chemical treatment; manage vectors/handling pathways and infected material.,High,Cornell vegetable disease resources,https://www.vegetables.cornell.edu/pest-management/keys-for-identifying-vegetable-diseases/tomato-diagnostic-key/
