country,latitude,longitude,soil_ph,organic_carbon,sand,silt,clay,nitrogen
India,8.75,77.25,5.49,1.02,39.0,24.0,37.0,1.9
India,8.75,77.75,6.4,0.83,49.0,24.0,27.0,2.35
India,9.25,76.75,5.49,1.02,39.0,24.0,37.0,0.0
India,9.25,77.25,5.49,1.02,39.0,24.0,37.0,3.2
India,9.25,77.75,7.9,0.76,17.0,29.0,54.0,1.48
India,9.25,78.25,6.4,0.83,49.0,24.0,27.0,1.26
India,9.75,76.75,5.49,1.02,39.0,24.0,37.0,2.7
India,9.75,77.25,5.49,1.02,39.0,24.0,37.0,2.7
India,9.75,77.75,7.9,0.76,17.0,29.0,54.0,3.12
India,9.75,78.25,6.4,0.83,49.0,24.0,27.0,1.2
India,9.75,78.75,6.4,0.83,49.0,24.0,27.0,1.3
India,10.25,76.75,4.8,0.87,51.0,24.0,25.0,1.9
India,10.25,77.25,5.0,2.16,39.0,25.0,36.0,2.75
India,10.25,77.75,6.4,0.83,49.0,24.0,27.0,1.2
India,10.25,78.25,6.4,0.83,49.0,24.0,27.0,1.55
India,10.25,78.75,6.4,0.83,49.0,24.0,27.0,1.3
India,10.75,76.25,5.49,1.02,39.0,24.0,37.0,1.66
India,10.75,76.75,5.49,1.02,39.0,24.0,37.0,1.66
India,10.75,77.25,6.8,1.23,23.0,24.0,53.0,1.4
India,10.75,77.75,6.4,0.83,49.0,24.0,27.0,1.2
India,10.75,78.25,6.4,0.83,49.0,24.0,27.0,1.15
India,10.75,78.75,6.4,0.83,49.0,24.0,27.0,1.2
India,10.75,79.25,7.0,0.86,45.0,32.0,23.0,1.23
India,11.25,76.25,4.8,0.87,51.0,24.0,25.0,1.9
India,11.25,76.75,7.6,1.41,43.0,30.0,27.0,2.51
India,11.25,77.25,6.4,0.83,49.0,24.0,27.0,0.0
India,11.25,77.75,6.4,0.83,49.0,24.0,27.0,0.9
India,11.25,78.25,6.4,0.83,49.0,24.0,27.0,1.2
India,11.25,78.75,6.4,0.83,49.0,24.0,27.0,1.36
India,11.25,79.25,6.8,1.23,23.0,24.0,53.0,1.26
India,11.75,75.75,4.8,0.87,51.0,24.0,25.0,3.0
India,11.75,76.25,6.2,0.8,52.0,20.0,28.0,3.0
India,11.75,76.75,6.4,0.83,49.0,24.0,27.0,2.04
India,11.75,77.25,6.4,0.83,49.0,24.0,27.0,1.21
India,11.75,77.75,6.4,0.83,49.0,24.0,27.0,1.4
India,11.75,78.25,6.4,0.83,49.0,24.0,27.0,1.28
India,11.75,78.75,6.4,0.83,49.0,24.0,27.0,1.4
India,11.75,79.25,6.4,0.83,49.0,24.0,27.0,1.2
India,12.25,75.75,6.2,0.8,52.0,20.0,28.0,2.24
India,12.25,76.25,6.4,0.83,49.0,24.0,27.0,1.8
India,12.25,76.75,6.4,0.83,49.0,24.0,27.0,1.1
India,12.25,77.25,6.4,0.83,49.0,24.0,27.0,1.0
India,12.25,77.75,6.4,0.83,49.0,24.0,27.0,1.5
India,12.25,78.25,6.4,0.83,49.0,24.0,27.0,1.31
India,12.25,78.75,6.4,0.83,49.0,24.0,27.0,1.4
India,12.25,79.25,6.4,0.83,49.0,24.0,27.0,1.1
India,12.25,79.75,6.4,0.83,49.0,24.0,27.0,1.33
India,12.75,75.25,5.49,1.02,39.0,24.0,37.0,1.8
India,12.75,75.75,6.2,0.8,52.0,20.0,28.0,1.88
India,12.75,76.25,6.4,0.83,49.0,24.0,27.0,1.2
India,12.75,76.75,6.4,0.83,49.0,24.0,27.0,1.0
India,12.75,77.25,6.4,0.83,49.0,24.0,27.0,1.3
India,12.75,77.75,6.4,0.83,49.0,24.0,27.0,1.35
India,12.75,78.25,6.4,0.83,49.0,24.0,27.0,1.08
India,12.75,78.75,6.4,0.83,49.0,24.0,27.0,1.1
India,12.75,79.25,6.4,0.83,49.0,24.0,27.0,2.27
India,12.75,79.75,6.4,0.83,49.0,24.0,27.0,1.15
India,13.25,75.25,4.8,0.87,51.0,24.0,25.0,2.44
India,13.25,75.75,6.2,0.8,52.0,20.0,28.0,2.41
India,13.25,76.25,6.4,0.83,49.0,24.0,27.0,1.2
India,13.25,76.75,6.4,0.83,49.0,24.0,27.0,1.14
India,13.25,77.25,6.4,0.83,49.0,24.0,27.0,0.8
India,13.25,77.75,6.2,0.8,52.0,20.0,28.0,0.0
India,13.25,78.25,6.4,0.83,49.0,24.0,27.0,0.8
India,13.25,78.75,6.4,0.83,49.0,24.0,27.0,0.96
India,13.25,79.25,7.9,0.76,17.0,29.0,54.0,1.4
India,13.25,79.75,6.4,0.83,49.0,24.0,27.0,1.1
India,13.75,74.75,4.8,0.87,51.0,24.0,25.0,1.8
India,13.75,75.25,4.8,0.87,51.0,24.0,25.0,1.8
India,13.75,75.75,6.2,0.8,52.0,20.0,28.0,1.7
India,13.75,76.25,6.4,0.83,49.0,24.0,27.0,1.1
India,13.75,76.75,6.4,0.83,49.0,24.0,27.0,0.84
India,13.75,77.25,6.4,0.83,49.0,24.0,27.0,0.76
India,13.75,77.75,6.4,0.83,49.0,24.0,27.0,1.0
India,13.75,78.25,6.4,0.83,49.0,24.0,27.0,0.88
India,13.75,78.75,6.4,0.83,49.0,24.0,27.0,1.0
India,13.75,79.25,6.4,0.83,49.0,24.0,27.0,1.17
India,13.75,79.75,6.4,0.83,49.0,24.0,27.0,1.37
India,14.25,74.75,4.8,0.87,51.0,24.0,25.0,0.0
India,14.25,75.25,6.2,0.8,52.0,20.0,28.0,1.5
India,14.25,75.75,6.4,0.83,49.0,24.0,27.0,0.94
India,14.25,76.25,6.4,0.83,49.0,24.0,27.0,0.94
India,14.25,76.75,7.9,0.76,17.0,29.0,54.0,1.02
India,14.25,77.25,6.4,0.83,49.0,24.0,27.0,0.0
India,14.25,77.75,6.4,0.83,49.0,24.0,27.0,0.79
India,14.25,78.25,6.4,0.83,49.0,24.0,27.0,0.72
India,14.25,78.75,6.4,0.83,49.0,24.0,27.0,0.97
India,14.25,79.25,7.6,1.41,43.0,30.0,27.0,1.5
India,14.25,79.75,6.4,0.83,49.0,24.0,27.0,1.6
India,14.75,74.75,6.2,0.8,52.0,20.0,28.0,2.58
India,14.75,75.25,6.4,0.83,49.0,24.0,27.0,1.1
India,14.75,75.75,7.9,0.76,17.0,29.0,54.0,0.91
India,14.75,76.25,6.4,0.83,49.0,24.0,27.0,0.9
India,14.75,76.75,7.9,0.76,17.0,29.0,54.0,0.9
India,14.75,77.25,7.9,0.76,17.0,29.0,54.0,0.8
India,14.75,77.75,6.4,0.83,49.0,24.0,27.0,0.7
India,14.75,78.25,6.4,0.83,49.0,24.0,27.0,1.02
India,14.75,78.75,6.4,0.83,49.0,24.0,27.0,0.81
India,14.75,79.25,6.4,0.83,49.0,24.0,27.0,1.65
India,14.75,79.75,6.4,0.83,49.0,24.0,27.0,1.2
India,15.25,74.25,4.8,0.87,51.0,24.0,25.0,2.06
India,15.25,74.75,6.2,0.8,52.0,20.0,28.0,2.0
India,15.25,75.25,6.4,0.83,49.0,24.0,27.0,0.9
India,15.25,75.75,7.9,0.76,17.0,29.0,54.0,0.86
India,15.25,76.25,6.4,0.83,49.0,24.0,27.0,1.01
India,15.25,76.75,6.4,0.83,49.0,24.0,27.0,1.0
India,15.25,77.25,7.9,0.76,17.0,29.0,54.0,0.89
India,15.25,77.75,6.4,0.83,49.0,24.0,27.0,0.8
India,15.25,78.25,7.9,0.76,17.0,29.0,54.0,0.8
India,15.25,78.75,6.4,0.83,49.0,24.0,27.0,0.83
India,15.25,79.25,6.4,0.83,49.0,24.0,27.0,1.1
India,15.25,79.75,6.8,1.23,23.0,24.0,53.0,1.03
India,15.75,74.25,4.8,0.87,51.0,24.0,25.0,0.0
India,15.75,74.75,6.2,0.8,52.0,20.0,28.0,1.3
India,15.75,75.25,6.4,0.83,49.0,24.0,27.0,0.89
India,15.75,75.75,7.9,0.76,17.0,29.0,54.0,1.0
India,15.75,76.25,6.4,0.83,49.0,24.0,27.0,0.89
India,15.75,76.75,6.8,1.23,23.0,24.0,53.0,0.79
India,15.75,77.25,6.8,1.23,23.0,24.0,53.0,0.8
India,15.75,77.75,6.8,1.23,23.0,24.0,53.0,0.7
India,15.75,78.25,6.8,1.23,23.0,24.0,53.0,0.0
India,15.75,78.75,7.6,1.41,43.0,30.0,27.0,0.83
India,15.75,79.25,6.4,0.83,49.0,24.0,27.0,1.1
India,15.75,79.75,6.8,1.23,23.0,24.0,53.0,1.06
India,15.75,80.25,6.8,1.23,23.0,24.0,53.0,0.0
India,16.25,73.75,5.49,1.02,39.0,24.0,37.0,1.5
India,16.25,74.25,4.8,0.87,51.0,24.0,25.0,1.9
India,16.25,74.75,7.9,0.76,17.0,29.0,54.0,1.3
India,16.25,75.25,6.8,1.23,23.0,24.0,53.0,0.9
India,16.25,75.75,6.8,1.23,23.0,24.0,53.0,0.9
India,16.25,76.25,6.8,1.23,23.0,24.0,53.0,0.84
India,16.25,76.75,6.8,1.23,23.0,24.0,53.0,0.7
India,16.25,77.25,6.8,1.23,23.0,24.0,53.0,0.9
India,16.25,77.75,6.8,1.23,23.0,24.0,53.0,0.77
India,16.25,78.25,6.8,1.23,23.0,24.0,53.0,0.8
India,16.25,78.75,6.4,0.83,49.0,24.0,27.0,1.2
India,16.25,79.25,6.4,0.83,49.0,24.0,27.0,1.38
India,16.25,79.75,6.4,0.83,49.0,24.0,27.0,1.0
India,16.25,80.25,6.8,1.23,23.0,24.0,53.0,1.3
India,16.25,80.75,8.1,0.6,43.0,38.0,19.0,1.3
India,16.75,73.75,5.49,1.02,39.0,24.0,37.0,1.96
India,16.75,74.25,7.9,0.76,17.0,29.0,54.0,1.61
India,16.75,74.75,7.9,0.76,17.0,29.0,54.0,1.0
India,16.75,75.25,7.9,0.76,17.0,29.0,54.0,0.88
India,16.75,75.75,7.9,0.76,17.0,29.0,54.0,0.84
India,16.75,76.25,7.9,0.76,17.0,29.0,54.0,0.76
India,16.75,76.75,6.8,1.23,23.0,24.0,53.0,0.7
India,16.75,77.25,6.8,1.23,23.0,24.0,53.0,0.76
India,16.75,77.75,6.9,0.88,30.0,27.0,43.0,0.83
India,16.75,78.25,6.4,0.83,49.0,24.0,27.0,1.0
India,16.75,78.75,6.4,0.83,49.0,24.0,27.0,0.7
India,16.75,79.25,6.4,0.83,49.0,24.0,27.0,1.0
India,16.75,79.75,6.8,1.23,23.0,24.0,53.0,0.9
India,16.75,80.25,6.4,0.83,49.0,24.0,27.0,1.1
India,16.75,80.75,6.2,0.8,52.0,20.0,28.0,1.12
India,16.75,81.25,6.8,1.23,23.0,24.0,53.0,1.28
India,16.75,81.75,8.1,0.6,43.0,38.0,19.0,1.3
India,17.25,73.75,5.49,1.02,39.0,24.0,37.0,1.8
India,17.25,74.25,7.9,0.76,17.0,29.0,54.0,1.52
India,17.25,74.75,7.9,0.76,17.0,29.0,54.0,0.8
India,17.25,75.25,7.9,0.76,17.0,29.0,54.0,0.0
India,17.25,75.75,7.9,0.76,17.0,29.0,54.0,0.8
India,17.25,76.25,6.8,1.23,23.0,24.0,53.0,0.78
India,17.25,76.75,7.9,0.76,17.0,29.0,54.0,0.8
India,17.25,77.25,7.9,0.76,17.0,29.0,54.0,0.0
India,17.25,77.75,7.9,0.76,17.0,29.0,54.0,1.0
India,17.25,78.25,6.4,0.83,49.0,24.0,27.0,0.9
India,17.25,78.75,6.4,0.83,49.0,24.0,27.0,0.93
India,17.25,79.25,6.4,0.83,49.0,24.0,27.0,0.9
India,17.25,79.75,6.4,0.83,49.0,24.0,27.0,0.8
India,17.25,80.25,6.4,0.83,49.0,24.0,27.0,0.9
India,17.25,80.75,6.8,1.23,23.0,24.0,53.0,1.3
India,17.25,81.25,6.2,0.8,52.0,20.0,28.0,0.96
India,17.25,81.75,6.2,0.8,52.0,20.0,28.0,1.09
India,17.25,82.25,6.2,0.8,52.0,20.0,28.0,1.1
India,17.75,73.25,5.49,1.02,39.0,24.0,37.0,1.75
India,17.75,73.75,5.49,1.02,39.0,24.0,37.0,1.75
India,17.75,74.25,6.4,1.81,35.0,33.0,32.0,1.27
India,17.75,74.75,7.9,0.76,17.0,29.0,54.0,0.0
India,17.75,75.25,7.9,0.76,17.0,29.0,54.0,0.8
India,17.75,75.75,7.9,0.76,17.0,29.0,54.0,0.7
India,17.75,76.25,7.9,0.76,17.0,29.0,54.0,0.8
India,17.75,76.75,7.9,0.76,17.0,29.0,54.0,0.97
India,17.75,77.25,7.9,0.76,17.0,29.0,54.0,0.9
India,17.75,77.75,6.1,0.92,57.0,24.0,19.0,1.07
India,17.75,78.25,6.4,0.83,49.0,24.0,27.0,0.94
India,17.75,78.75,6.4,0.83,49.0,24.0,27.0,0.92
India,17.75,79.25,6.4,0.83,49.0,24.0,27.0,0.9
India,17.75,79.75,6.4,0.83,49.0,24.0,27.0,0.9
India,17.75,80.25,6.4,0.83,49.0,24.0,27.0,1.0
India,17.75,80.75,6.8,1.23,23.0,24.0,53.0,1.0
India,17.75,81.25,6.8,1.23,23.0,24.0,53.0,1.4
India,17.75,81.75,6.2,0.8,52.0,20.0,28.0,1.53
India,17.75,82.25,6.2,0.8,52.0,20.0,28.0,1.5
India,17.75,82.75,6.2,0.8,52.0,20.0,28.0,1.2
India,18.25,73.25,6.2,0.8,52.0,20.0,28.0,1.8
India,18.25,73.75,6.4,1.81,35.0,33.0,32.0,1.8
India,18.25,74.25,7.9,0.76,17.0,29.0,54.0,1.1
India,18.25,74.75,7.9,0.76,17.0,29.0,54.0,0.94
India,18.25,75.25,7.9,0.76,17.0,29.0,54.0,0.86
India,18.25,75.75,7.9,0.76,17.0,29.0,54.0,0.8
India,18.25,76.25,7.9,0.76,17.0,29.0,54.0,0.91
India,18.25,76.75,7.9,0.76,17.0,29.0,54.0,0.9
India,18.25,77.25,7.9,0.76,17.0,29.0,54.0,0.79
India,18.25,77.75,7.9,0.76,17.0,29.0,54.0,0.81
India,18.25,78.25,6.4,0.83,49.0,24.0,27.0,0.86
India,18.25,78.75,6.4,0.83,49.0,24.0,27.0,0.9
India,18.25,79.25,6.4,0.83,49.0,24.0,27.0,0.9
India,18.25,79.75,6.4,0.83,49.0,24.0,27.0,0.9
India,18.25,80.25,6.8,1.23,23.0,24.0,53.0,1.2
India,18.25,80.75,6.8,1.23,23.0,24.0,53.0,0.92
India,18.25,81.25,6.4,0.83,49.0,24.0,27.0,1.1
India,18.25,81.75,6.2,0.65,65.0,16.0,19.0,1.15
India,18.25,82.25,6.2,0.8,52.0,20.0,28.0,1.4
India,18.25,82.75,6.2,0.8,52.0,20.0,28.0,1.7
India,18.25,83.25,6.2,0.8,52.0,20.0,28.0,1.3
India,18.25,83.75,6.2,0.8,52.0,20.0,28.0,1.23
India,18.75,73.25,6.2,0.8,52.0,20.0,28.0,1.34
India,18.75,73.75,6.4,1.81,35.0,33.0,32.0,0.0
India,18.75,74.25,7.9,0.76,17.0,29.0,54.0,1.19
India,18.75,74.75,7.9,0.76,17.0,29.0,54.0,0.85
India,18.75,75.25,7.9,0.76,17.0,29.0,54.0,0.8
India,18.75,75.75,7.9,0.76,17.0,29.0,54.0,0.83
India,18.75,76.25,7.9,0.76,17.0,29.0,54.0,0.8
India,18.75,76.75,7.9,0.76,17.0,29.0,54.0,0.89
India,18.75,77.25,6.9,0.88,30.0,27.0,43.0,0.82
India,18.75,77.75,7.9,0.76,17.0,29.0,54.0,0.76
India,18.75,78.25,6.8,1.23,23.0,24.0,53.0,0.9
India,18.75,78.75,6.8,1.23,23.0,24.0,53.0,0.9
India,18.75,79.25,6.8,1.23,23.0,24.0,53.0,0.96
India,18.75,79.75,6.8,1.23,23.0,24.0,53.0,0.0
India,18.75,80.25,6.8,1.23,23.0,24.0,53.0,0.86
India,18.75,80.75,6.4,0.83,49.0,24.0,27.0,1.4
India,18.75,81.25,6.4,0.83,49.0,24.0,27.0,1.3
India,18.75,81.75,6.4,0.83,49.0,24.0,27.0,1.1
India,18.75,82.25,6.4,0.83,49.0,24.0,27.0,1.6
India,18.75,82.75,6.2,0.8,52.0,20.0,28.0,1.32
India,18.75,83.25,6.2,0.8,52.0,20.0,28.0,1.55
India,18.75,83.75,6.2,0.8,52.0,20.0,28.0,1.2
India,18.75,84.25,6.2,0.8,52.0,20.0,28.0,1.36
India,19.25,73.25,6.7,1.07,40.0,28.0,32.0,0.0
India,19.25,73.75,6.6,1.0,45.0,31.0,24.0,1.8
India,19.25,74.25,6.4,1.81,35.0,33.0,32.0,1.06
India,19.25,74.75,7.9,0.76,17.0,29.0,54.0,1.0
India,19.25,75.25,7.9,0.76,17.0,29.0,54.0,0.9
India,19.25,75.75,7.9,0.76,17.0,29.0,54.0,0.82
India,19.25,76.25,7.9,0.76,17.0,29.0,54.0,0.84
India,19.25,76.75,7.9,0.76,17.0,29.0,54.0,0.9
India,19.25,77.25,7.9,0.76,17.0,29.0,54.0,0.9
India,19.25,77.75,6.4,0.83,49.0,24.0,27.0,0.8
India,19.25,78.25,6.4,0.83,49.0,24.0,27.0,0.8
India,19.25,78.75,6.4,0.83,49.0,24.0,27.0,0.9
India,19.25,79.25,6.4,0.83,49.0,24.0,27.0,1.09
India,19.25,79.75,6.8,1.23,23.0,24.0,53.0,0.9
India,19.25,80.25,6.8,1.23,23.0,24.0,53.0,1.16
India,19.25,80.75,6.4,0.83,49.0,24.0,27.0,1.0
India,19.25,81.25,6.4,0.83,49.0,24.0,27.0,1.2
India,19.25,81.75,6.2,0.65,65.0,16.0,19.0,1.38
India,19.25,82.25,6.2,0.65,65.0,16.0,19.0,1.28
India,19.25,82.75,6.4,0.83,49.0,24.0,27.0,1.33
India,19.25,83.25,6.2,0.8,52.0,20.0,28.0,1.35
India,19.25,83.75,6.2,0.8,52.0,20.0,28.0,1.4
India,19.25,84.25,6.2,0.8,52.0,20.0,28.0,1.7
India,19.25,84.75,6.2,0.8,52.0,20.0,28.0,1.98
India,19.75,73.25,6.2,0.8,52.0,20.0,28.0,1.44
India,19.75,73.75,6.2,0.8,52.0,20.0,28.0,1.7
India,19.75,74.25,7.9,0.76,17.0,29.0,54.0,0.0
India,19.75,74.75,7.9,0.76,17.0,29.0,54.0,0.7
India,19.75,75.25,7.9,0.76,17.0,29.0,54.0,0.7
India,19.75,75.75,7.9,0.76,17.0,29.0,54.0,0.94
India,19.75,76.25,7.9,0.76,17.0,29.0,54.0,0.86
India,19.75,76.75,7.9,0.76,17.0,29.0,54.0,0.8
India,19.75,77.25,7.9,0.76,17.0,29.0,54.0,0.9
India,19.75,77.75,6.4,0.83,49.0,24.0,27.0,0.8
India,19.75,78.25,6.4,0.83,49.0,24.0,27.0,1.0
India,19.75,78.75,6.4,0.83,49.0,24.0,27.0,0.9
India,19.75,79.25,6.8,1.23,23.0,24.0,53.0,0.9
India,19.75,79.75,6.8,1.23,23.0,24.0,53.0,0.93
India,19.75,80.25,6.2,0.65,65.0,16.0,19.0,0.9
India,19.75,80.75,6.4,0.83,49.0,24.0,27.0,1.6
India,19.75,81.25,6.2,0.65,65.0,16.0,19.0,1.5
India,19.75,81.75,6.2,0.65,65.0,16.0,19.0,1.2
India,19.75,82.25,6.4,0.83,49.0,24.0,27.0,1.34
India,19.75,82.75,6.2,0.65,65.0,16.0,19.0,1.3
India,19.75,83.25,6.2,0.8,52.0,20.0,28.0,1.49
India,19.75,83.75,6.2,0.8,52.0,20.0,28.0,1.3
India,19.75,84.25,6.2,0.8,52.0,20.0,28.0,1.4
India,19.75,84.75,6.2,0.8,52.0,20.0,28.0,1.6
India,20.25,73.25,6.2,0.8,52.0,20.0,28.0,1.3
India,20.25,73.75,6.2,0.8,52.0,20.0,28.0,1.5
India,20.25,74.25,7.9,0.76,17.0,29.0,54.0,1.0
India,20.25,74.75,7.9,0.76,17.0,29.0,54.0,0.89
India,20.25,75.25,6.9,0.88,30.0,27.0,43.0,0.9
India,20.25,75.75,7.9,0.76,17.0,29.0,54.0,0.98
India,20.25,76.25,7.9,0.76,17.0,29.0,54.0,0.7
India,20.25,76.75,7.9,0.76,17.0,29.0,54.0,0.7
India,20.25,77.25,7.9,0.76,17.0,29.0,54.0,0.82
India,20.25,77.75,7.9,0.76,17.0,29.0,54.0,1.04
India,20.25,78.25,7.9,0.76,17.0,29.0,54.0,0.75
India,20.25,78.75,7.9,0.76,17.0,29.0,54.0,0.9
India,20.25,79.25,7.9,0.76,17.0,29.0,54.0,0.9
India,20.25,79.75,7.9,0.76,17.0,29.0,54.0,0.99
India,20.25,80.25,7.6,1.41,43.0,30.0,27.0,0.9
India,20.25,80.75,6.2,0.65,65.0,16.0,19.0,1.1
India,20.25,81.25,6.2,0.65,65.0,16.0,19.0,1.1
India,20.25,81.75,6.2,0.65,65.0,16.0,19.0,1.39
India,20.25,82.25,6.4,0.83,49.0,24.0,27.0,1.12
India,20.25,82.75,6.4,0.83,49.0,24.0,27.0,1.1
India,20.25,83.25,6.4,0.83,49.0,24.0,27.0,1.1
India,20.25,83.75,6.2,0.8,52.0,20.0,28.0,1.4
India,20.25,84.25,6.2,0.8,52.0,20.0,28.0,1.5
India,20.25,84.75,6.2,0.8,52.0,20.0,28.0,1.3
India,20.25,85.25,6.2,0.65,65.0,16.0,19.0,1.3
India,20.25,85.75,6.2,0.65,65.0,16.0,19.0,1.3
India,20.25,86.25,6.2,0.65,65.0,16.0,19.0,1.3
India,20.75,73.25,7.9,0.76,17.0,29.0,54.0,1.1
India,20.75,73.75,6.2,0.8,52.0,20.0,28.0,1.4
India,20.75,74.25,6.4,1.81,35.0,33.0,32.0,1.1
India,20.75,74.75,7.9,0.76,17.0,29.0,54.0,0.8
India,20.75,75.25,7.9,0.76,17.0,29.0,54.0,0.6
India,20.75,75.75,7.9,0.76,17.0,29.0,54.0,0.88
India,20.75,76.25,7.9,0.76,17.0,29.0,54.0,1.1
India,20.75,76.75,7.9,0.76,17.0,29.0,54.0,0.85
India,20.75,77.25,7.9,0.76,17.0,29.0,54.0,0.7
India,20.75,77.75,7.9,0.76,17.0,29.0,54.0,0.7
India,20.75,78.25,7.9,0.76,17.0,29.0,54.0,0.8
India,20.75,78.75,7.9,0.76,17.0,29.0,54.0,0.74
India,20.75,79.25,7.9,0.76,17.0,29.0,54.0,0.9
India,20.75,79.75,7.9,0.76,17.0,29.0,54.0,0.9
India,20.75,80.25,6.4,0.83,49.0,24.0,27.0,1.02
India,20.75,80.75,6.2,0.65,65.0,16.0,19.0,1.5
India,20.75,81.25,6.2,0.65,65.0,16.0,19.0,1.48
India,20.75,81.75,6.2,0.65,65.0,16.0,19.0,1.1
India,20.75,82.25,6.2,0.65,65.0,16.0,19.0,1.19
India,20.75,82.75,6.4,0.83,49.0,24.0,27.0,1.27
India,20.75,83.25,6.4,0.83,49.0,24.0,27.0,1.0
India,20.75,83.75,6.2,0.65,65.0,16.0,19.0,1.15
India,20.75,84.25,7.9,0.76,17.0,29.0,54.0,1.54
India,20.75,84.75,6.2,0.8,52.0,20.0,28.0,1.6
India,20.75,85.25,6.2,0.65,65.0,16.0,19.0,1.6
India,20.75,85.75,6.2,0.65,65.0,16.0,19.0,1.3
India,20.75,86.25,6.2,0.65,65.0,16.0,19.0,1.1
India,20.75,86.75,7.0,0.86,45.0,32.0,23.0,1.3
India,21.25,70.25,8.1,0.6,43.0,38.0,19.0,0.72
India,21.25,70.75,6.9,0.88,30.0,27.0,43.0,0.72
India,21.25,71.25,7.9,0.76,17.0,29.0,54.0,0.9
India,21.25,71.75,7.9,0.76,17.0,29.0,54.0,0.67
India,21.25,72.75,7.9,0.76,17.0,29.0,54.0,1.02
India,21.25,73.25,7.9,0.76,17.0,29.0,54.0,1.02
India,21.25,73.75,7.9,0.76,17.0,29.0,54.0,0.92
India,21.25,74.25,7.9,0.76,17.0,29.0,54.0,0.78
India,21.25,74.75,7.9,0.76,17.0,29.0,54.0,0.68
India,21.25,75.25,7.9,0.76,17.0,29.0,54.0,0.6
India,21.25,75.75,7.9,0.76,17.0,29.0,54.0,0.7
India,21.25,76.25,7.9,0.76,17.0,29.0,54.0,0.64
India,21.25,76.75,7.9,0.76,17.0,29.0,54.0,0.7
India,21.25,77.25,6.9,0.88,30.0,27.0,43.0,0.69
India,21.25,77.75,7.9,0.76,17.0,29.0,54.0,0.62
India,21.25,78.25,7.9,0.76,17.0,29.0,54.0,0.7
India,21.25,78.75,7.9,0.76,17.0,29.0,54.0,0.86
India,21.25,79.25,7.9,0.76,17.0,29.0,54.0,0.8
India,21.25,79.75,7.9,0.76,17.0,29.0,54.0,0.89
India,21.25,80.25,7.9,0.76,17.0,29.0,54.0,0.99
India,21.25,80.75,6.2,0.65,65.0,16.0,19.0,1.0
India,21.25,81.25,6.2,0.65,65.0,16.0,19.0,1.0
India,21.25,81.75,6.2,0.65,65.0,16.0,19.0,0.9
India,21.25,82.25,6.2,0.65,65.0,16.0,19.0,1.08
India,21.25,82.75,6.4,0.83,49.0,24.0,27.0,1.0
India,21.25,83.25,6.4,0.83,49.0,24.0,27.0,1.2
India,21.25,83.75,7.9,0.76,17.0,29.0,54.0,1.2
India,21.25,84.25,6.2,0.65,65.0,16.0,19.0,1.2
India,21.25,84.75,6.2,0.65,65.0,16.0,19.0,1.4
India,21.25,85.25,6.2,0.65,65.0,16.0,19.0,1.15
India,21.25,85.75,7.6,1.41,43.0,30.0,27.0,1.3
India,21.25,86.25,6.2,0.8,52.0,20.0,28.0,1.3
India,21.75,69.75,7.9,0.76,17.0,29.0,54.0,0.7
India,21.75,70.25,7.9,0.76,17.0,29.0,54.0,0.7
India,21.75,70.75,7.9,0.76,17.0,29.0,54.0,1.0
India,21.75,71.25,7.9,0.76,17.0,29.0,54.0,0.52
India,21.75,71.75,7.9,0.76,17.0,29.0,54.0,0.6
India,21.75,72.75,7.9,0.76,17.0,29.0,54.0,0.77
India,21.75,73.25,7.9,0.76,17.0,29.0,54.0,0.77
India,21.75,73.75,6.9,0.88,30.0,27.0,43.0,0.8
India,21.75,74.25,6.9,0.88,30.0,27.0,43.0,0.8
India,21.75,74.75,6.9,0.88,30.0,27.0,43.0,0.62
India,21.75,75.25,7.9,0.76,17.0,29.0,54.0,0.8
India,21.75,75.75,7.9,0.76,17.0,29.0,54.0,1.0
India,21.75,76.25,7.9,0.76,17.0,29.0,54.0,0.9
India,21.75,76.75,7.9,0.76,17.0,29.0,54.0,0.8
India,21.75,77.25,6.9,0.88,30.0,27.0,43.0,1.0
India,21.75,77.75,6.9,0.88,30.0,27.0,43.0,1.67
India,21.75,78.25,7.9,0.76,17.0,29.0,54.0,0.72
India,21.75,78.75,7.6,1.41,43.0,30.0,27.0,0.8
India,21.75,79.25,7.6,1.41,43.0,30.0,27.0,1.0
India,21.75,79.75,7.9,0.76,17.0,29.0,54.0,0.98
India,21.75,80.25,7.9,0.76,17.0,29.0,54.0,1.02
India,21.75,80.75,7.9,0.76,17.0,29.0,54.0,1.0
India,21.75,81.25,6.2,0.65,65.0,16.0,19.0,0.9
India,21.75,81.75,6.2,0.65,65.0,16.0,19.0,1.0
India,21.75,82.25,6.2,0.65,65.0,16.0,19.0,0.84
India,21.75,82.75,6.2,0.65,65.0,16.0,19.0,1.0
India,21.75,83.25,6.2,0.65,65.0,16.0,19.0,1.0
India,21.75,83.75,6.2,0.65,65.0,16.0,19.0,1.0
India,21.75,84.25,6.2,0.65,65.0,16.0,19.0,1.0
India,21.75,84.75,7.6,1.41,43.0,30.0,27.0,1.2
India,21.75,85.25,7.6,1.41,43.0,30.0,27.0,0.0
India,21.75,85.75,5.49,1.02,39.0,24.0,37.0,1.3
India,21.75,86.25,7.6,1.41,43.0,30.0,27.0,1.28
India,21.75,86.75,6.2,0.65,65.0,16.0,19.0,1.3
India,21.75,87.25,6.2,0.65,65.0,16.0,19.0,1.1
India,22.25,69.75,7.9,0.76,17.0,29.0,54.0,0.5
India,22.25,70.25,7.9,0.76,17.0,29.0,54.0,0.6
India,22.25,70.75,7.9,0.76,17.0,29.0,54.0,0.6
India,22.25,71.25,6.9,0.88,30.0,27.0,43.0,0.54
India,22.25,71.75,7.9,0.76,17.0,29.0,54.0,0.6
India,22.25,72.75,8.1,0.6,43.0,38.0,19.0,0.8
India,22.25,73.25,6.6,1.0,45.0,31.0,24.0,0.8
India,22.25,73.75,7.9,0.76,17.0,29.0,54.0,0.8
India,22.25,74.25,6.9,0.88,30.0,27.0,43.0,0.8
India,22.25,74.75,6.9,0.88,30.0,27.0,43.0,0.8
India,22.25,75.25,7.9,0.76,17.0,29.0,54.0,0.6
India,22.25,75.75,7.9,0.76,17.0,29.0,54.0,0.6
India,22.25,76.25,7.9,0.76,17.0,29.0,54.0,0.76
India,22.25,76.75,6.8,1.23,23.0,24.0,53.0,0.68
India,22.25,77.25,6.8,1.23,23.0,24.0,53.0,0.8
India,22.25,77.75,6.9,0.88,30.0,27.0,43.0,1.1
India,22.25,78.25,6.4,0.83,49.0,24.0,27.0,0.86
India,22.25,78.75,7.9,0.76,17.0,29.0,54.0,1.2
India,22.25,79.25,7.9,0.76,17.0,29.0,54.0,0.97
India,22.25,79.75,7.9,0.76,17.0,29.0,54.0,1.01
India,22.25,80.25,7.9,0.76,17.0,29.0,54.0,0.9
India,22.25,80.75,7.9,0.76,17.0,29.0,54.0,1.5
India,22.25,81.25,7.6,1.41,43.0,30.0,27.0,1.2
India,22.25,81.75,6.2,0.65,65.0,16.0,19.0,0.89
India,22.25,82.25,6.2,0.65,65.0,16.0,19.0,1.1
India,22.25,82.75,6.2,0.65,65.0,16.0,19.0,1.21
India,22.25,83.25,6.2,0.65,65.0,16.0,19.0,1.12
India,22.25,83.75,6.2,0.65,65.0,16.0,19.0,1.4
India,22.25,84.25,6.2,0.65,65.0,16.0,19.0,1.1
India,22.25,84.75,6.2,0.65,65.0,16.0,19.0,1.51
India,22.25,85.25,7.6,1.41,43.0,30.0,27.0,1.3
India,22.25,85.75,5.49,1.02,39.0,24.0,37.0,1.1
India,22.25,86.25,7.6,1.41,43.0,30.0,27.0,1.1
India,22.25,86.75,6.2,0.65,65.0,16.0,19.0,1.1
India,22.25,87.25,6.2,0.65,65.0,16.0,19.0,1.1
India,22.25,87.75,6.2,1.0,41.0,30.0,29.0,1.2
India,22.25,88.25,6.2,1.0,41.0,30.0,29.0,0.9
India,22.25,88.75,6.2,1.0,41.0,30.0,29.0,1.3
India,22.25,92.75,5.1,1.37,43.0,33.0,24.0,2.0
India,22.75,70.75,7.9,0.76,17.0,29.0,54.0,0.56
India,22.75,71.25,7.9,0.76,17.0,29.0,54.0,0.64
India,22.75,71.75,7.9,0.76,17.0,29.0,54.0,0.5
India,22.75,72.25,6.6,1.0,45.0,31.0,24.0,0.57
India,22.75,72.75,6.6,1.0,45.0,31.0,24.0,0.67
India,22.75,73.25,6.6,1.0,45.0,31.0,24.0,0.8
India,22.75,73.75,7.9,0.76,17.0,29.0,54.0,0.8
India,22.75,74.25,5.1,0.83,59.0,19.0,22.0,0.7
India,22.75,74.75,7.9,0.76,17.0,29.0,54.0,0.6
India,22.75,75.25,7.9,0.76,17.0,29.0,54.0,0.7
India,22.75,75.75,7.9,0.76,17.0,29.0,54.0,0.52
India,22.75,76.25,7.9,0.76,17.0,29.0,54.0,0.84
India,22.75,76.75,7.9,0.76,17.0,29.0,54.0,0.64
India,22.75,77.25,7.9,0.76,17.0,29.0,54.0,0.7
India,22.75,77.75,6.8,1.23,23.0,24.0,53.0,0.8
India,22.75,78.25,6.8,1.23,23.0,24.0,53.0,0.0
India,22.75,78.75,6.8,1.23,23.0,24.0,53.0,1.2
India,22.75,79.25,7.9,0.76,17.0,29.0,54.0,1.1
India,22.75,79.75,7.9,0.76,17.0,29.0,54.0,1.19
India,22.75,80.25,7.9,0.76,17.0,29.0,54.0,0.9
India,22.75,80.75,7.6,1.41,43.0,30.0,27.0,1.1
India,22.75,81.25,7.6,1.41,43.0,30.0,27.0,0.91
India,22.75,81.75,7.6,1.41,43.0,30.0,27.0,1.5
India,22.75,82.25,6.2,0.65,65.0,16.0,19.0,0.9
India,22.75,82.75,6.2,0.65,65.0,16.0,19.0,0.94
India,22.75,83.25,6.2,0.65,65.0,16.0,19.0,1.6
India,22.75,83.75,6.2,0.65,65.0,16.0,19.0,1.1
India,22.75,84.25,6.2,0.65,65.0,16.0,19.0,1.1
India,22.75,84.75,6.2,0.65,65.0,16.0,19.0,1.16
India,22.75,85.25,7.6,1.41,43.0,30.0,27.0,1.21
India,22.75,85.75,7.6,1.41,43.0,30.0,27.0,1.21
India,22.75,86.25,7.9,0.76,17.0,29.0,54.0,1.34
India,22.75,86.75,6.2,0.65,65.0,16.0,19.0,1.1
India,22.75,87.25,6.2,0.65,65.0,16.0,19.0,1.1
India,22.75,87.75,6.6,1.0,45.0,31.0,24.0,1.1
India,22.75,88.25,6.6,1.0,45.0,31.0,24.0,1.4
India,22.75,88.75,6.2,1.0,41.0,30.0,29.0,1.1
India,22.75,92.75,5.1,1.37,43.0,33.0,24.0,2.0
India,23.25,68.75,8.0,0.67,49.0,28.0,23.0,0.6
India,23.25,69.25,7.6,1.41,43.0,30.0,27.0,0.6
India,23.25,69.75,7.6,1.41,43.0,30.0,27.0,0.55
India,23.25,70.25,8.0,0.67,49.0,28.0,23.0,0.52
India,23.25,70.75,8.0,0.67,49.0,28.0,23.0,0.6
India,23.25,71.25,8.7,0.42,36.0,33.0,31.0,0.6
India,23.25,71.75,6.6,1.0,45.0,31.0,24.0,0.7
India,23.25,72.25,6.6,1.0,45.0,31.0,24.0,0.62
India,23.25,72.75,6.6,1.0,45.0,31.0,24.0,0.74
India,23.25,73.25,7.9,0.76,17.0,29.0,54.0,0.82
India,23.25,73.75,7.9,0.76,17.0,29.0,54.0,0.7
India,23.25,74.25,7.9,0.76,17.0,29.0,54.0,0.7
India,23.25,74.75,7.9,0.76,17.0,29.0,54.0,0.65
India,23.25,75.25,7.9,0.76,17.0,29.0,54.0,0.52
India,23.25,75.75,7.9,0.76,17.0,29.0,54.0,0.6
India,23.25,76.25,7.9,0.76,17.0,29.0,54.0,0.6
India,23.25,76.75,7.9,0.76,17.0,29.0,54.0,0.64
India,23.25,77.25,7.9,0.76,17.0,29.0,54.0,0.6
India,23.25,77.75,6.9,0.88,30.0,27.0,43.0,0.8
India,23.25,78.25,7.9,0.76,17.0,29.0,54.0,0.86
India,23.25,78.75,7.9,0.76,17.0,29.0,54.0,0.8
India,23.25,79.25,7.9,0.76,17.0,29.0,54.0,0.78
India,23.25,79.75,6.8,1.23,23.0,24.0,53.0,0.73
India,23.25,80.25,7.9,0.76,17.0,29.0,54.0,0.9
India,23.25,80.75,7.6,1.41,43.0,30.0,27.0,1.1
India,23.25,81.25,7.6,1.41,43.0,30.0,27.0,1.15
India,23.25,81.75,6.2,0.65,65.0,16.0,19.0,1.52
India,23.25,82.25,7.6,1.41,43.0,30.0,27.0,0.8
India,23.25,82.75,6.2,0.65,65.0,16.0,19.0,0.8
India,23.25,83.25,6.2,0.65,65.0,16.0,19.0,0.9
India,23.25,83.75,6.4,0.83,49.0,24.0,27.0,1.35
India,23.25,84.25,6.4,0.83,49.0,24.0,27.0,1.43
India,23.25,84.75,5.49,1.02,39.0,24.0,37.0,1.4
India,23.25,85.25,5.49,1.02,39.0,24.0,37.0,1.1
India,23.25,85.75,7.6,1.41,43.0,30.0,27.0,1.5
India,23.25,86.25,6.2,0.65,65.0,16.0,19.0,0.0
India,23.25,86.75,6.2,0.65,65.0,16.0,19.0,1.0
India,23.25,87.25,6.2,0.65,65.0,16.0,19.0,0.9
India,23.25,87.75,6.2,0.77,58.0,22.0,20.0,0.92
India,23.25,88.25,7.0,0.86,45.0,32.0,23.0,1.1
India,23.25,92.75,5.1,1.37,43.0,33.0,24.0,1.39
India,23.25,93.25,5.1,2.61,44.0,28.0,28.0,2.0
India,23.75,68.25,8.7,0.42,36.0,33.0,31.0,0.7
India,23.75,68.75,8.7,0.42,36.0,33.0,31.0,0.7
India,23.75,69.25,8.7,0.42,36.0,33.0,31.0,0.7
India,23.75,69.75,8.7,0.42,36.0,33.0,31.0,0.37
India,23.75,70.25,8.7,0.42,36.0,33.0,31.0,0.3
India,23.75,70.75,8.0,0.67,49.0,28.0,23.0,0.52
India,23.75,71.25,8.0,0.67,49.0,28.0,23.0,0.44
India,23.75,71.75,6.6,1.0,45.0,31.0,24.0,0.6
India,23.75,72.25,6.6,1.0,45.0,31.0,24.0,0.7
India,23.75,72.75,6.6,1.0,45.0,31.0,24.0,0.8
India,23.75,73.25,6.4,0.83,49.0,24.0,27.0,0.78
India,23.75,73.75,6.4,0.83,49.0,24.0,27.0,0.7
India,23.75,74.25,7.9,0.76,17.0,29.0,54.0,0.7
India,23.75,74.75,7.9,0.76,17.0,29.0,54.0,0.8
India,23.75,75.25,7.9,0.76,17.0,29.0,54.0,0.62
India,23.75,75.75,7.9,0.76,17.0,29.0,54.0,0.67
India,23.75,76.25,7.9,0.76,17.0,29.0,54.0,0.52
India,23.75,76.75,7.9,0.76,17.0,29.0,54.0,0.7
India,23.75,77.25,7.9,0.76,17.0,29.0,54.0,0.7
India,23.75,77.75,7.9,0.76,17.0,29.0,54.0,0.78
India,23.75,78.25,7.9,0.76,17.0,29.0,54.0,0.8
India,23.75,78.75,7.9,0.76,17.0,29.0,54.0,0.89
India,23.75,79.25,7.9,0.76,17.0,29.0,54.0,0.9
India,23.75,79.75,7.9,0.76,17.0,29.0,54.0,0.7
India,23.75,80.25,7.9,0.76,17.0,29.0,54.0,0.72
India,23.75,80.75,7.9,0.76,17.0,29.0,54.0,1.1
India,23.75,81.25,7.9,0.76,17.0,29.0,54.0,0.99
India,23.75,81.75,7.6,1.41,43.0,30.0,27.0,0.89
India,23.75,82.25,7.6,1.41,43.0,30.0,27.0,1.2
India,23.75,82.75,7.6,1.41,43.0,30.0,27.0,1.6
India,23.75,83.25,6.2,0.65,65.0,16.0,19.0,1.2
India,23.75,83.75,6.2,0.65,65.0,16.0,19.0,1.2
India,23.75,84.25,6.4,0.83,49.0,24.0,27.0,1.43
India,23.75,84.75,6.2,0.65,65.0,16.0,19.0,1.38
India,23.75,85.25,6.2,0.8,52.0,20.0,28.0,1.2
India,23.75,85.75,6.2,0.65,65.0,16.0,19.0,1.4
India,23.75,86.25,6.2,0.65,65.0,16.0,19.0,1.02
India,23.75,86.75,6.2,0.65,65.0,16.0,19.0,1.14
India,23.75,87.25,6.2,0.65,65.0,16.0,19.0,0.9
India,23.75,87.75,6.2,0.65,65.0,16.0,19.0,0.9
India,23.75,88.25,6.2,0.77,58.0,22.0,20.0,1.0
India,23.75,91.25,6.2,1.0,41.0,30.0,29.0,1.08
India,23.75,91.75,5.1,1.37,43.0,33.0,24.0,1.08
India,23.75,92.25,5.1,1.37,43.0,33.0,24.0,1.8
India,23.75,92.75,5.1,1.37,43.0,33.0,24.0,1.8
India,23.75,93.25,5.1,2.61,44.0,28.0,28.0,2.0
India,24.25,68.75,8.1,0.37,54.0,28.0,18.0,0.0
India,24.25,69.25,8.7,0.42,36.0,33.0,31.0,0.0
India,24.25,70.25,8.7,0.42,36.0,33.0,31.0,0.0
India,24.25,71.25,8.0,0.67,49.0,28.0,23.0,0.0
India,24.25,71.75,8.0,0.67,49.0,28.0,23.0,0.55
India,24.25,72.25,8.0,0.67,49.0,28.0,23.0,0.8
India,24.25,72.75,6.6,1.0,45.0,31.0,24.0,0.7
India,24.25,73.25,6.4,0.83,49.0,24.0,27.0,0.7
India,24.25,73.75,6.4,0.83,49.0,24.0,27.0,0.8
India,24.25,74.25,6.6,1.0,45.0,31.0,24.0,0.61
India,24.25,74.75,7.9,0.76,17.0,29.0,54.0,0.7
India,24.25,75.25,7.9,0.76,17.0,29.0,54.0,0.6
India,24.25,75.75,7.9,0.76,17.0,29.0,54.0,0.6
India,24.25,76.25,7.9,0.76,17.0,29.0,54.0,0.6
India,24.25,76.75,7.9,0.76,17.0,29.0,54.0,0.6
India,24.25,77.25,7.9,0.76,17.0,29.0,54.0,0.6
India,24.25,77.75,7.9,0.76,17.0,29.0,54.0,0.52
India,24.25,78.25,7.9,0.76,17.0,29.0,54.0,0.64
India,24.25,78.75,7.9,0.76,17.0,29.0,54.0,0.9
India,24.25,79.25,6.4,0.83,49.0,24.0,27.0,0.7
India,24.25,79.75,6.4,0.83,49.0,24.0,27.0,0.7
India,24.25,80.25,6.4,0.83,49.0,24.0,27.0,0.7
India,24.25,80.75,6.4,0.83,49.0,24.0,27.0,0.9
India,24.25,81.25,7.9,0.76,17.0,29.0,54.0,0.77
India,24.25,81.75,7.9,0.76,17.0,29.0,54.0,0.7
India,24.25,82.25,6.2,0.65,65.0,16.0,19.0,0.8
India,24.25,82.75,6.2,0.65,65.0,16.0,19.0,0.8
India,24.25,83.25,6.2,0.65,65.0,16.0,19.0,0.8
India,24.25,83.75,6.6,1.0,45.0,31.0,24.0,1.0
India,24.25,84.25,6.7,1.07,40.0,28.0,32.0,0.86
India,24.25,84.75,6.2,0.65,65.0,16.0,19.0,0.9
India,24.25,85.25,6.2,0.65,65.0,16.0,19.0,1.2
India,24.25,85.75,6.2,0.8,52.0,20.0,28.0,1.24
India,24.25,86.25,6.7,1.07,40.0,28.0,32.0,1.1
India,24.25,86.75,6.2,0.8,52.0,20.0,28.0,1.0
India,24.25,87.25,6.2,0.8,52.0,20.0,28.0,1.1
India,24.25,87.75,6.2,0.65,65.0,16.0,19.0,1.1
India,24.25,88.25,8.1,0.6,43.0,38.0,19.0,1.1
India,24.25,92.25,4.9,1.39,38.0,30.0,32.0,1.35
India,24.25,92.75,5.1,1.37,43.0,33.0,24.0,1.92
India,24.25,93.25,5.1,2.61,44.0,28.0,28.0,1.7
India,24.25,93.75,5.1,0.83,59.0,19.0,22.0,2.0
India,24.25,94.25,5.1,2.61,44.0,28.0,28.0,1.7
India,24.75,71.25,5.9,0.2,88.0,6.0,6.0,0.33
India,24.75,71.75,5.9,0.2,88.0,6.0,6.0,0.6
India,24.75,72.25,8.0,0.67,49.0,28.0,23.0,0.8
India,24.75,72.75,8.0,0.67,49.0,28.0,23.0,0.7
India,24.75,73.25,6.6,1.0,45.0,31.0,24.0,0.68
India,24.75,73.75,6.6,1.0,45.0,31.0,24.0,0.91
India,24.75,74.25,6.6,1.0,45.0,31.0,24.0,0.61
India,24.75,74.75,6.6,1.0,45.0,31.0,24.0,0.6
India,24.75,75.25,6.2,0.77,58.0,22.0,20.0,0.62
India,24.75,75.75,7.9,0.76,17.0,29.0,54.0,0.7
India,24.75,76.25,7.9,0.76,17.0,29.0,54.0,0.6
India,24.75,76.75,7.9,0.76,17.0,29.0,54.0,0.62
India,24.75,77.25,7.9,0.76,17.0,29.0,54.0,0.68
India,24.75,77.75,7.9,0.76,17.0,29.0,54.0,0.62
India,24.75,78.25,6.4,0.83,49.0,24.0,27.0,0.61
India,24.75,78.75,6.4,0.83,49.0,24.0,27.0,0.62
India,24.75,79.25,6.4,0.83,49.0,24.0,27.0,0.6
India,24.75,79.75,7.9,0.76,17.0,29.0,54.0,1.33
India,24.75,80.25,6.4,0.83,49.0,24.0,27.0,0.74
India,24.75,80.75,6.4,0.83,49.0,24.0,27.0,0.66
India,24.75,81.25,6.4,0.83,49.0,24.0,27.0,0.7
India,24.75,81.75,6.4,0.83,49.0,24.0,27.0,0.7
India,24.75,82.25,6.4,0.83,49.0,24.0,27.0,0.84
India,24.75,82.75,6.2,0.65,65.0,16.0,19.0,1.0
India,24.75,83.25,6.2,0.65,65.0,16.0,19.0,0.0
India,24.75,83.75,6.2,0.65,65.0,16.0,19.0,1.1
India,24.75,84.25,8.1,0.6,43.0,38.0,19.0,0.0
India,24.75,84.75,6.2,0.77,58.0,22.0,20.0,0.9
India,24.75,85.25,6.2,0.77,58.0,22.0,20.0,1.0
India,24.75,85.75,6.7,1.07,40.0,28.0,32.0,1.1
India,24.75,86.25,6.7,1.07,40.0,28.0,32.0,0.94
India,24.75,86.75,6.2,0.8,52.0,20.0,28.0,1.03
India,24.75,87.25,6.7,1.07,40.0,28.0,32.0,1.1
India,24.75,87.75,8.1,0.6,43.0,38.0,19.0,1.1
India,24.75,92.25,6.2,1.0,41.0,30.0,29.0,1.7
India,24.75,92.75,6.2,1.0,41.0,30.0,29.0,1.7
India,24.75,93.25,5.1,2.61,44.0,28.0,28.0,2.04
India,24.75,93.75,5.1,0.83,59.0,19.0,22.0,1.98
India,24.75,94.25,5.1,2.61,44.0,28.0,28.0,1.57
India,25.25,71.25,5.9,0.2,88.0,6.0,6.0,0.36
India,25.25,71.75,5.9,0.2,88.0,6.0,6.0,0.5
India,25.25,72.25,8.0,0.67,49.0,28.0,23.0,0.6
India,25.25,72.75,8.0,0.67,49.0,28.0,23.0,0.58
India,25.25,73.25,8.0,0.67,49.0,28.0,23.0,0.8
India,25.25,73.75,6.6,1.0,45.0,31.0,24.0,0.82
India,25.25,74.25,6.6,1.0,45.0,31.0,24.0,0.7
India,25.25,74.75,6.6,1.0,45.0,31.0,24.0,0.56
India,25.25,75.25,6.6,1.0,45.0,31.0,24.0,0.56
India,25.25,75.75,7.9,0.76,17.0,29.0,54.0,0.62
India,25.25,76.25,7.9,0.76,17.0,29.0,54.0,0.6
India,25.25,76.75,7.9,0.76,17.0,29.0,54.0,0.6
India,25.25,77.25,7.9,0.76,17.0,29.0,54.0,0.6
India,25.25,77.75,7.9,0.76,17.0,29.0,54.0,0.6
India,25.25,78.25,6.4,0.83,49.0,24.0,27.0,0.7
India,25.25,78.75,6.4,0.83,49.0,24.0,27.0,0.8
India,25.25,79.25,6.4,0.83,49.0,24.0,27.0,0.8
India,25.25,79.75,6.4,0.83,49.0,24.0,27.0,0.7
India,25.25,80.25,6.4,0.83,49.0,24.0,27.0,0.61
India,25.25,80.75,6.4,0.83,49.0,24.0,27.0,0.84
India,25.25,81.25,6.4,0.83,49.0,24.0,27.0,0.76
India,25.25,81.75,6.2,0.77,58.0,22.0,20.0,0.78
India,25.25,82.25,6.2,0.65,65.0,16.0,19.0,0.8
India,25.25,82.75,6.2,0.65,65.0,16.0,19.0,0.8
India,25.25,83.25,6.2,0.65,65.0,16.0,19.0,0.8
India,25.25,83.75,6.2,0.77,58.0,22.0,20.0,0.9
India,25.25,84.25,6.6,1.0,45.0,31.0,24.0,1.0
India,25.25,84.75,6.2,0.77,58.0,22.0,20.0,1.08
India,25.25,85.25,6.6,1.0,45.0,31.0,24.0,0.88
India,25.25,85.75,8.1,0.6,43.0,38.0,19.0,1.05
India,25.25,86.25,8.1,0.6,43.0,38.0,19.0,1.2
India,25.25,86.75,6.2,0.77,58.0,22.0,20.0,1.1
India,25.25,87.25,8.1,0.6,43.0,38.0,19.0,1.1
India,25.25,87.75,8.1,0.6,43.0,38.0,19.0,1.4
India,25.25,88.25,6.6,1.0,45.0,31.0,24.0,1.1
India,25.25,88.75,6.2,1.0,41.0,30.0,29.0,1.1
India,25.25,90.25,6.2,1.0,41.0,30.0,29.0,1.4
India,25.25,90.75,5.49,1.02,39.0,24.0,37.0,1.7
India,25.25,91.25,5.1,0.83,59.0,19.0,22.0,2.0
India,25.25,91.75,5.1,0.83,59.0,19.0,22.0,2.2
India,25.25,92.25,5.1,0.83,59.0,19.0,22.0,2.09
India,25.25,92.75,5.1,0.83,59.0,19.0,22.0,2.09
India,25.25,93.25,5.1,0.83,59.0,19.0,22.0,2.3
India,25.25,93.75,5.1,2.61,44.0,28.0,28.0,2.1
India,25.25,94.25,5.1,0.83,59.0,19.0,22.0,1.8
India,25.75,70.25,5.9,0.2,88.0,6.0,6.0,0.28
India,25.75,70.75,5.9,0.2,88.0,6.0,6.0,0.36
India,25.75,71.25,5.9,0.2,88.0,6.0,6.0,0.36
India,25.75,71.75,5.9,0.2,88.0,6.0,6.0,0.31
India,25.75,72.25,8.0,0.67,49.0,28.0,23.0,0.5
India,25.75,72.75,8.0,0.67,49.0,28.0,23.0,0.66
India,25.75,73.25,8.0,0.67,49.0,28.0,23.0,0.64
India,25.75,73.75,8.0,0.67,49.0,28.0,23.0,0.6
India,25.75,74.25,6.6,1.0,45.0,31.0,24.0,0.7
India,25.75,74.75,6.6,1.0,45.0,31.0,24.0,0.55
India,25.75,75.25,6.6,1.0,45.0,31.0,24.0,0.58
India,25.75,75.75,6.6,1.0,45.0,31.0,24.0,0.6
India,25.75,76.25,7.9,0.76,17.0,29.0,54.0,0.7
India,25.75,76.75,6.6,1.0,45.0,31.0,24.0,0.69
India,25.75,77.25,6.4,0.83,49.0,24.0,27.0,0.6
India,25.75,77.75,6.4,0.83,49.0,24.0,27.0,0.6
India,25.75,78.25,6.4,0.83,49.0,24.0,27.0,0.76
India,25.75,78.75,6.4,0.83,49.0,24.0,27.0,0.8
India,25.75,79.25,6.4,0.83,49.0,24.0,27.0,0.7
India,25.75,79.75,6.4,0.83,49.0,24.0,27.0,0.75
India,25.75,80.25,6.4,0.83,49.0,24.0,27.0,0.69
India,25.75,80.75,6.4,0.83,49.0,24.0,27.0,0.7
India,25.75,81.25,6.6,1.0,45.0,31.0,24.0,0.77
India,25.75,81.75,6.6,1.0,45.0,31.0,24.0,0.7
India,25.75,82.25,6.2,0.77,58.0,22.0,20.0,0.7
India,25.75,82.75,6.6,1.0,45.0,31.0,24.0,0.74
India,25.75,83.25,6.6,1.0,45.0,31.0,24.0,0.76
India,25.75,83.75,6.6,1.0,45.0,31.0,24.0,0.9
India,25.75,84.25,8.1,0.6,43.0,38.0,19.0,0.92
India,25.75,84.75,8.1,0.6,43.0,38.0,19.0,0.9
India,25.75,85.25,8.1,0.6,43.0,38.0,19.0,1.0
India,25.75,85.75,8.0,0.65,35.0,37.0,28.0,1.18
India,25.75,86.25,8.0,0.65,35.0,37.0,28.0,1.1
India,25.75,86.75,6.6,1.0,45.0,31.0,24.0,1.2
India,25.75,87.25,6.6,1.0,45.0,31.0,24.0,1.2
India,25.75,87.75,6.6,1.0,45.0,31.0,24.0,1.1
India,25.75,88.25,6.6,1.0,45.0,31.0,24.0,1.1
India,25.75,90.25,5.49,1.02,39.0,24.0,37.0,1.4
India,25.75,90.75,5.49,1.02,39.0,24.0,37.0,1.7
India,25.75,91.25,5.1,0.83,59.0,19.0,22.0,2.0
India,25.75,91.75,5.1,0.83,59.0,19.0,22.0,2.2
India,25.75,92.25,5.1,0.83,59.0,19.0,22.0,2.0
India,25.75,92.75,5.3,0.94,55.0,19.0,26.0,1.62
India,25.75,93.25,5.3,0.94,55.0,19.0,26.0,1.6
India,25.75,93.75,5.1,0.83,59.0,19.0,22.0,1.76
India,25.75,94.25,5.1,0.83,59.0,19.0,22.0,3.36
India,25.75,94.75,5.1,0.83,59.0,19.0,22.0,1.85
India,26.25,70.25,5.9,0.2,88.0,6.0,6.0,0.28
India,26.25,70.75,5.9,0.2,88.0,6.0,6.0,0.28
India,26.25,71.25,7.9,0.75,55.0,26.0,19.0,0.29
India,26.25,71.75,5.9,0.2,88.0,6.0,6.0,0.29
India,26.25,72.25,5.9,0.2,88.0,6.0,6.0,0.34
India,26.25,72.75,8.0,0.67,49.0,28.0,23.0,0.5
India,26.25,73.25,8.0,0.67,49.0,28.0,23.0,0.55
India,26.25,73.75,8.0,0.67,49.0,28.0,23.0,0.7
India,26.25,74.25,8.0,0.67,49.0,28.0,23.0,0.52
India,26.25,74.75,6.6,1.0,45.0,31.0,24.0,0.5
India,26.25,75.25,6.6,1.0,45.0,31.0,24.0,0.6
India,26.25,75.75,6.6,1.0,45.0,31.0,24.0,0.6
India,26.25,76.25,6.6,1.0,45.0,31.0,24.0,0.6
India,26.25,76.75,6.6,1.0,45.0,31.0,24.0,0.74
India,26.25,77.25,6.6,1.0,45.0,31.0,24.0,0.62
India,26.25,77.75,6.4,0.83,49.0,24.0,27.0,0.6
India,26.25,78.25,6.6,1.0,45.0,31.0,24.0,0.6
India,26.25,78.75,6.6,1.0,45.0,31.0,24.0,0.73
India,26.25,79.25,6.4,0.83,49.0,24.0,27.0,0.7
India,26.25,79.75,6.6,1.0,45.0,31.0,24.0,0.84
India,26.25,80.25,6.6,1.0,45.0,31.0,24.0,0.83
India,26.25,80.75,6.6,1.0,45.0,31.0,24.0,0.82
India,26.25,81.25,6.6,1.0,45.0,31.0,24.0,0.7
India,26.25,81.75,6.6,1.0,45.0,31.0,24.0,0.8
India,26.25,82.25,6.6,1.0,45.0,31.0,24.0,0.74
India,26.25,82.75,6.6,1.0,45.0,31.0,24.0,0.72
India,26.25,83.25,6.6,1.0,45.0,31.0,24.0,0.8
India,26.25,83.75,6.6,1.0,45.0,31.0,24.0,0.86
India,26.25,84.25,8.0,0.65,35.0,37.0,28.0,0.8
India,26.25,84.75,8.1,0.6,43.0,38.0,19.0,1.0
India,26.25,85.25,8.0,0.65,35.0,37.0,28.0,1.0
India,26.25,85.75,6.6,1.0,45.0,31.0,24.0,1.04
India,26.25,86.25,6.6,1.0,45.0,31.0,24.0,1.1
India,26.25,86.75,6.6,1.0,45.0,31.0,24.0,1.1
India,26.25,87.25,6.6,1.0,45.0,31.0,24.0,1.2
India,26.25,87.75,7.0,0.86,45.0,32.0,23.0,1.2
India,26.25,88.25,6.6,1.0,45.0,31.0,24.0,1.2
India,26.25,89.25,6.2,1.0,41.0,30.0,29.0,1.34
India,26.25,89.75,6.2,1.0,41.0,30.0,29.0,1.34
India,26.25,90.25,5.1,0.83,59.0,19.0,22.0,1.1
India,26.25,90.75,5.1,0.83,59.0,19.0,22.0,1.5
India,26.25,91.25,5.1,0.83,59.0,19.0,22.0,1.3
India,26.25,91.75,5.1,0.83,59.0,19.0,22.0,1.1
India,26.25,92.25,5.1,0.83,59.0,19.0,22.0,1.3
India,26.25,92.75,5.49,1.02,39.0,24.0,37.0,1.4
India,26.25,93.25,5.49,1.02,39.0,24.0,37.0,1.1
India,26.25,93.75,5.49,1.02,39.0,24.0,37.0,1.5
India,26.25,94.25,5.1,0.83,59.0,19.0,22.0,1.8
India,26.25,94.75,5.1,0.83,59.0,19.0,22.0,1.76
India,26.75,69.75,5.9,0.2,88.0,6.0,6.0,0.2
India,26.75,70.25,5.9,0.2,88.0,6.0,6.0,0.24
India,26.75,70.75,7.9,0.75,55.0,26.0,19.0,0.24
India,26.75,71.25,7.9,0.75,55.0,26.0,19.0,0.3
India,26.75,71.75,5.9,0.2,88.0,6.0,6.0,0.25
India,26.75,72.25,5.9,0.2,88.0,6.0,6.0,0.3
India,26.75,72.75,5.9,0.2,88.0,6.0,6.0,0.36
India,26.75,73.25,8.0,0.67,49.0,28.0,23.0,0.7
India,26.75,73.75,8.0,0.67,49.0,28.0,23.0,0.43
India,26.75,74.25,8.0,0.67,49.0,28.0,23.0,0.52
India,26.75,74.75,8.0,0.67,49.0,28.0,23.0,0.7
India,26.75,75.25,6.6,1.0,45.0,31.0,24.0,0.58
India,26.75,75.75,6.6,1.0,45.0,31.0,24.0,0.6
India,26.75,76.25,6.6,1.0,45.0,31.0,24.0,0.57
India,26.75,76.75,6.6,1.0,45.0,31.0,24.0,0.7
India,26.75,77.25,6.6,1.0,45.0,31.0,24.0,0.6
India,26.75,77.75,6.6,1.0,45.0,31.0,24.0,0.6
India,26.75,78.25,6.6,1.0,45.0,31.0,24.0,0.73
India,26.75,78.75,6.6,1.0,45.0,31.0,24.0,0.83
India,26.75,79.25,6.6,1.0,45.0,31.0,24.0,0.86
India,26.75,79.75,6.6,1.0,45.0,31.0,24.0,1.0
India,26.75,80.25,6.6,1.0,45.0,31.0,24.0,1.06
India,26.75,80.75,6.6,1.0,45.0,31.0,24.0,1.09
India,26.75,81.25,6.6,1.0,45.0,31.0,24.0,0.94
India,26.75,81.75,6.6,1.0,45.0,31.0,24.0,0.8
India,26.75,82.25,6.6,1.0,45.0,31.0,24.0,0.78
India,26.75,82.75,6.6,1.0,45.0,31.0,24.0,1.0
India,26.75,83.25,6.6,1.0,45.0,31.0,24.0,1.0
India,26.75,83.75,6.6,1.0,45.0,31.0,24.0,1.0
India,26.75,84.25,8.1,0.6,43.0,38.0,19.0,0.8
India,26.75,84.75,8.0,0.65,35.0,37.0,28.0,0.9
India,26.75,88.25,5.1,2.61,44.0,28.0,28.0,1.3
India,26.75,88.75,5.2,1.04,59.0,24.0,17.0,1.3
India,26.75,89.25,5.2,1.04,59.0,24.0,17.0,0.0
India,26.75,90.25,5.1,0.83,59.0,19.0,22.0,1.2
India,26.75,90.75,5.1,0.83,59.0,19.0,22.0,1.2
India,26.75,91.25,5.1,0.83,59.0,19.0,22.0,1.2
India,26.75,91.75,5.1,0.83,59.0,19.0,22.0,1.1
India,26.75,92.25,5.1,0.83,59.0,19.0,22.0,1.1
India,26.75,92.75,5.1,0.83,59.0,19.0,22.0,1.2
India,26.75,93.25,5.49,1.02,39.0,24.0,37.0,1.37
India,26.75,93.75,5.1,0.83,59.0,19.0,22.0,1.89
India,26.75,94.25,5.1,0.83,59.0,19.0,22.0,1.3
India,26.75,94.75,5.1,0.83,59.0,19.0,22.0,2.2
India,26.75,95.25,5.1,0.83,59.0,19.0,22.0,2.6
India,27.25,69.75,5.9,0.2,88.0,6.0,6.0,0.2
India,27.25,70.25,5.9,0.2,88.0,6.0,6.0,0.2
India,27.25,70.75,8.1,0.37,54.0,28.0,18.0,0.2
India,27.25,71.25,6.4,0.4,89.0,6.0,5.0,0.23
India,27.25,71.75,5.9,0.2,88.0,6.0,6.0,0.3
India,27.25,72.25,5.9,0.2,88.0,6.0,6.0,0.3
India,27.25,72.75,5.9,0.2,88.0,6.0,6.0,0.3
India,27.25,73.25,5.9,0.2,88.0,6.0,6.0,0.3
India,27.25,73.75,8.0,0.67,49.0,28.0,23.0,0.3
India,27.25,74.25,8.0,0.67,49.0,28.0,23.0,0.5
India,27.25,74.75,5.9,0.2,88.0,6.0,6.0,0.49
India,27.25,75.25,6.4,0.4,89.0,6.0,5.0,0.5
India,27.25,75.75,6.4,0.4,89.0,6.0,5.0,0.64
India,27.25,76.25,6.6,1.0,45.0,31.0,24.0,0.8
India,27.25,76.75,6.2,0.77,58.0,22.0,20.0,0.7
India,27.25,77.25,6.6,1.0,45.0,31.0,24.0,0.6
India,27.25,77.75,6.6,1.0,45.0,31.0,24.0,0.64
India,27.25,78.25,6.2,0.77,58.0,22.0,20.0,0.76
India,27.25,78.75,6.6,1.0,45.0,31.0,24.0,0.8
India,27.25,79.25,6.6,1.0,45.0,31.0,24.0,1.0
India,27.25,79.75,6.6,1.0,45.0,31.0,24.0,1.0
India,27.25,80.25,6.6,1.0,45.0,31.0,24.0,1.0
India,27.25,80.75,6.6,1.0,45.0,31.0,24.0,1.15
India,27.25,81.25,6.6,1.0,45.0,31.0,24.0,1.19
India,27.25,81.75,6.6,1.0,45.0,31.0,24.0,0.92
India,27.25,82.25,6.6,1.0,45.0,31.0,24.0,0.95
India,27.25,82.75,6.6,1.0,45.0,31.0,24.0,1.0
India,27.25,83.25,6.6,1.0,45.0,31.0,24.0,1.0
India,27.25,83.75,6.6,1.0,45.0,31.0,24.0,1.1
India,27.25,84.25,5.1,2.61,44.0,28.0,28.0,1.0
India,27.25,88.25,5.1,1.37,43.0,33.0,24.0,2.0
India,27.25,88.75,5.1,1.37,43.0,33.0,24.0,2.0
India,27.25,92.25,5.1,0.83,59.0,19.0,22.0,2.09
India,27.25,92.75,5.1,0.83,59.0,19.0,22.0,2.09
India,27.25,93.25,5.1,0.83,59.0,19.0,22.0,2.1
India,27.25,93.75,6.6,1.0,45.0,31.0,24.0,2.11
India,27.25,94.25,6.6,1.0,45.0,31.0,24.0,1.7
India,27.25,94.75,5.1,0.83,59.0,19.0,22.0,0.0
India,27.25,95.25,5.3,0.94,55.0,19.0,26.0,1.6
India,27.25,95.75,5.1,0.83,59.0,19.0,22.0,2.16
India,27.75,70.25,5.9,0.2,88.0,6.0,6.0,0.2
India,27.75,71.25,6.4,0.4,89.0,6.0,5.0,0.2
India,27.75,71.75,5.9,0.2,88.0,6.0,6.0,0.2
India,27.75,72.25,5.9,0.2,88.0,6.0,6.0,0.3
India,27.75,72.75,5.9,0.2,88.0,6.0,6.0,0.34
India,27.75,73.25,5.9,0.2,88.0,6.0,6.0,0.36
India,27.75,73.75,5.9,0.2,88.0,6.0,6.0,0.33
India,27.75,74.25,5.9,0.2,88.0,6.0,6.0,0.36
India,27.75,74.75,5.9,0.2,88.0,6.0,6.0,0.4
India,27.75,75.25,5.9,0.2,88.0,6.0,6.0,0.54
India,27.75,75.75,6.4,0.4,89.0,6.0,5.0,0.69
India,27.75,76.25,8.0,0.39,56.0,27.0,17.0,0.95
India,27.75,76.75,8.0,0.39,56.0,27.0,17.0,0.78
India,27.75,77.25,6.2,0.77,58.0,22.0,20.0,0.69
India,27.75,77.75,6.2,0.77,58.0,22.0,20.0,0.7
India,27.75,78.25,6.2,0.77,58.0,22.0,20.0,0.8
India,27.75,78.75,6.2,0.77,58.0,22.0,20.0,0.8
India,27.75,79.25,6.2,0.77,58.0,22.0,20.0,1.0
India,27.75,79.75,6.6,1.0,45.0,31.0,24.0,1.15
India,27.75,80.25,6.6,1.0,45.0,31.0,24.0,1.2
India,27.75,80.75,6.6,1.0,45.0,31.0,24.0,1.03
India,27.75,81.25,6.6,1.0,45.0,31.0,24.0,1.0
India,27.75,81.75,6.6,1.0,45.0,31.0,24.0,0.94
India,27.75,82.25,6.6,1.0,45.0,31.0,24.0,1.04
India,27.75,88.25,,,,,,3.15
India,27.75,88.75,5.1,2.61,44.0,28.0,28.0,3.15
India,27.75,91.75,5.1,2.61,44.0,28.0,28.0,3.24
India,27.75,92.25,,,,,,3.24
India,27.75,92.75,5.1,0.83,59.0,19.0,22.0,2.29
India,27.75,93.25,5.1,0.83,59.0,19.0,22.0,2.7
India,27.75,93.75,5.1,0.83,59.0,19.0,22.0,2.1
India,27.75,94.25,5.1,0.83,59.0,19.0,22.0,2.19
India,27.75,94.75,5.1,0.83,59.0,19.0,22.0,1.67
India,27.75,95.25,5.1,0.83,59.0,19.0,22.0,1.6
India,27.75,95.75,5.1,0.83,59.0,19.0,22.0,2.2
India,27.75,96.25,5.3,0.94,55.0,19.0,26.0,1.9
India,27.75,96.75,7.6,1.41,43.0,30.0,27.0,2.5
India,28.25,72.25,5.9,0.2,88.0,6.0,6.0,0.29
India,28.25,72.75,5.9,0.2,88.0,6.0,6.0,0.4
India,28.25,73.25,5.9,0.2,88.0,6.0,6.0,0.4
India,28.25,73.75,5.9,0.2,88.0,6.0,6.0,0.39
India,28.25,74.25,5.9,0.2,88.0,6.0,6.0,0.4
India,28.25,74.75,5.9,0.2,88.0,6.0,6.0,0.51
India,28.25,75.25,5.9,0.2,88.0,6.0,6.0,0.59
India,28.25,75.75,5.9,0.2,88.0,6.0,6.0,0.6
India,28.25,76.25,5.9,0.2,88.0,6.0,6.0,0.6
India,28.25,76.75,8.0,0.39,56.0,27.0,17.0,0.6
India,28.25,77.25,6.2,0.77,58.0,22.0,20.0,0.7
India,28.25,77.75,6.2,0.77,58.0,22.0,20.0,0.0
India,28.25,78.25,6.2,0.77,58.0,22.0,20.0,0.8
India,28.25,78.75,6.2,0.77,58.0,22.0,20.0,0.82
India,28.25,79.25,6.6,1.0,45.0,31.0,24.0,0.9
India,28.25,79.75,6.6,1.0,45.0,31.0,24.0,1.02
India,28.25,80.25,6.6,1.0,45.0,31.0,24.0,1.0
India,28.25,80.75,6.6,1.0,45.0,31.0,24.0,1.08
India,28.25,93.25,5.1,2.61,44.0,28.0,28.0,3.65
India,28.25,93.75,5.1,0.83,59.0,19.0,22.0,2.5
India,28.25,94.25,5.1,0.83,59.0,19.0,22.0,2.69
India,28.25,94.75,5.1,0.83,59.0,19.0,22.0,2.6
India,28.25,95.25,5.1,0.83,59.0,19.0,22.0,2.7
India,28.25,95.75,5.3,0.94,55.0,19.0,26.0,1.8
India,28.25,96.25,7.6,1.41,43.0,30.0,27.0,2.2
India,28.25,96.75,7.6,1.41,43.0,30.0,27.0,3.01
India,28.25,97.25,7.6,1.41,43.0,30.0,27.0,3.35
India,28.75,72.75,5.9,0.2,88.0,6.0,6.0,0.29
India,28.75,73.25,5.9,0.2,88.0,6.0,6.0,0.36
India,28.75,73.75,5.9,0.2,88.0,6.0,6.0,0.43
India,28.75,74.25,5.9,0.2,88.0,6.0,6.0,0.4
India,28.75,74.75,5.9,0.2,88.0,6.0,6.0,0.43
India,28.75,75.25,5.9,0.2,88.0,6.0,6.0,0.49
India,28.75,75.75,5.9,0.2,88.0,6.0,6.0,0.6
India,28.75,76.25,8.0,0.39,56.0,27.0,17.0,0.62
India,28.75,76.75,8.0,0.39,56.0,27.0,17.0,0.62
India,28.75,77.25,6.2,0.77,58.0,22.0,20.0,0.69
India,28.75,77.75,6.2,0.77,58.0,22.0,20.0,0.8
India,28.75,78.25,6.2,0.77,58.0,22.0,20.0,0.93
India,28.75,78.75,6.6,1.0,45.0,31.0,24.0,0.9
India,28.75,79.25,6.6,1.0,45.0,31.0,24.0,0.9
India,28.75,79.75,6.6,1.0,45.0,31.0,24.0,1.0
India,28.75,94.25,5.1,0.83,59.0,19.0,22.0,3.44
India,28.75,94.75,5.1,0.83,59.0,19.0,22.0,3.2
India,28.75,95.25,5.1,0.83,59.0,19.0,22.0,2.3
India,28.75,95.75,7.6,1.41,43.0,30.0,27.0,3.75
India,28.75,96.25,7.6,1.41,43.0,30.0,27.0,4.2
India,29.25,73.25,8.0,0.39,56.0,27.0,17.0,0.52
India,29.25,73.75,5.9,0.2,88.0,6.0,6.0,0.6
India,29.25,74.25,5.9,0.2,88.0,6.0,6.0,0.45
India,29.25,74.75,8.0,0.39,56.0,27.0,17.0,0.42
India,29.25,75.25,8.0,0.39,56.0,27.0,17.0,0.6
India,29.25,75.75,8.0,0.39,56.0,27.0,17.0,0.6
India,29.25,76.25,8.0,0.39,56.0,27.0,17.0,0.6
India,29.25,76.75,7.8,0.6,41.0,31.0,28.0,0.62
India,29.25,77.25,6.2,0.77,58.0,22.0,20.0,0.71
India,29.25,77.75,6.2,0.77,58.0,22.0,20.0,0.8
India,29.25,78.25,6.6,1.0,45.0,31.0,24.0,0.8
India,29.25,78.75,5.2,1.04,59.0,24.0,17.0,1.0
India,29.25,79.25,6.6,1.0,45.0,31.0,24.0,0.9
India,29.25,79.75,5.1,1.37,43.0,33.0,24.0,1.28
India,29.25,80.25,5.1,1.37,43.0,33.0,24.0,1.3
India,29.25,95.75,7.6,1.41,43.0,30.0,27.0,3.12
India,29.75,73.75,5.9,0.2,88.0,6.0,6.0,0.6
India,29.75,74.25,8.0,0.39,56.0,27.0,17.0,0.72
India,29.75,74.75,8.0,0.39,56.0,27.0,17.0,0.6
India,29.75,75.25,8.0,0.39,56.0,27.0,17.0,0.63
India,29.75,75.75,8.0,0.39,56.0,27.0,17.0,0.69
India,29.75,76.25,7.8,0.6,41.0,31.0,28.0,0.7
India,29.75,76.75,7.8,0.6,41.0,31.0,28.0,0.7
India,29.75,77.25,6.2,0.77,58.0,22.0,20.0,0.7
India,29.75,77.75,8.1,0.6,43.0,38.0,19.0,0.82
India,29.75,78.25,8.1,0.6,43.0,38.0,19.0,0.88
India,29.75,78.75,5.1,1.37,43.0,33.0,24.0,1.42
India,29.75,79.25,5.1,1.37,43.0,33.0,24.0,2.16
India,29.75,79.75,5.1,1.37,43.0,33.0,24.0,2.7
India,29.75,80.25,5.1,1.37,43.0,33.0,24.0,2.4
India,30.25,74.25,8.0,0.39,56.0,27.0,17.0,0.6
India,30.25,74.75,8.0,0.39,56.0,27.0,17.0,0.69
India,30.25,75.25,8.0,0.39,56.0,27.0,17.0,0.69
India,30.25,75.75,7.8,0.6,41.0,31.0,28.0,0.6
India,30.25,76.25,7.8,0.6,41.0,31.0,28.0,0.6
India,30.25,76.75,6.2,0.77,58.0,22.0,20.0,0.74
India,30.25,77.25,8.1,0.6,43.0,38.0,19.0,0.9
India,30.25,77.75,8.1,0.6,43.0,38.0,19.0,0.92
India,30.25,78.25,5.1,1.37,43.0,33.0,24.0,1.5
India,30.25,78.75,5.1,1.37,43.0,33.0,24.0,2.15
India,30.25,79.25,5.1,1.37,43.0,33.0,24.0,3.18
India,30.25,79.75,,,,,,2.85
India,30.25,80.25,,,,,,3.88
India,30.25,80.75,5.1,2.61,44.0,28.0,28.0,3.42
India,30.75,74.25,8.1,0.6,43.0,38.0,19.0,0.6
India,30.75,74.75,8.0,0.39,56.0,27.0,17.0,0.6
India,30.75,75.25,7.8,0.6,41.0,31.0,28.0,0.68
India,30.75,75.75,7.8,0.6,41.0,31.0,28.0,0.6
India,30.75,76.25,6.2,0.77,58.0,22.0,20.0,0.8
India,30.75,76.75,6.2,0.77,58.0,22.0,20.0,0.82
India,30.75,77.25,6.6,1.0,45.0,31.0,24.0,1.0
India,30.75,77.75,5.1,1.37,43.0,33.0,24.0,2.05
India,30.75,78.25,5.1,1.37,43.0,33.0,24.0,2.7
India,30.75,78.75,5.1,2.61,44.0,28.0,28.0,2.66
India,30.75,79.25,5.1,2.61,44.0,28.0,28.0,3.05
India,30.75,79.75,,,,,,3.1
India,31.25,74.75,7.8,0.6,41.0,31.0,28.0,0.68
India,31.25,75.25,7.8,0.6,41.0,31.0,28.0,0.68
India,31.25,75.75,6.2,0.77,58.0,22.0,20.0,0.67
India,31.25,76.25,6.2,0.77,58.0,22.0,20.0,0.74
India,31.25,76.75,6.6,1.0,45.0,31.0,24.0,1.3
India,31.25,77.25,5.1,1.37,43.0,33.0,24.0,2.3
India,31.25,77.75,5.1,1.37,43.0,33.0,24.0,2.7
India,31.25,78.25,5.1,2.61,44.0,28.0,28.0,3.1
India,31.25,78.75,,,,,,0.0
India,31.25,79.25,,,,,,3.58
India,31.75,74.75,7.8,0.6,41.0,31.0,28.0,0.7
India,31.75,75.25,7.8,0.6,41.0,31.0,28.0,0.7
India,31.75,75.75,8.1,0.6,43.0,38.0,19.0,0.77
India,31.75,76.25,6.5,0.57,68.0,19.0,13.0,1.0
India,31.75,76.75,6.6,1.0,45.0,31.0,24.0,1.8
India,31.75,77.25,5.1,1.37,43.0,33.0,24.0,3.36
India,31.75,77.75,,,,,,3.5
India,31.75,78.25,,,,,,3.92
India,32.25,75.75,6.2,0.77,58.0,22.0,20.0,1.11
India,32.25,76.25,6.6,1.0,45.0,31.0,24.0,0.0
India,32.25,76.75,6.6,1.0,45.0,31.0,24.0,2.7
India,32.25,77.25,6.6,1.0,45.0,31.0,24.0,3.13
India,32.25,77.75,6.6,1.0,45.0,31.0,24.0,3.04
India,32.25,78.25,6.6,1.0,45.0,31.0,24.0,2.88
India,32.75,74.75,6.2,0.77,58.0,22.0,20.0,1.1
India,32.75,75.25,6.2,0.77,58.0,22.0,20.0,1.1
India,32.75,75.75,6.6,1.0,45.0,31.0,24.0,1.9
India,32.75,76.25,6.6,1.0,45.0,31.0,24.0,4.68
India,32.75,76.75,,,,,,5.44
India,32.75,77.25,6.6,1.0,45.0,31.0,24.0,3.0
India,32.75,77.75,6.6,1.0,45.0,31.0,24.0,2.49
India,32.75,78.25,6.6,1.0,45.0,31.0,24.0,1.65
India,32.75,78.75,7.6,1.41,43.0,30.0,27.0,0.92
India,32.75,79.25,7.6,1.41,43.0,30.0,27.0,0.92
India,33.25,74.25,6.6,1.0,45.0,31.0,24.0,1.78
India,33.25,74.75,6.6,1.0,45.0,31.0,24.0,1.78
India,33.25,75.25,6.6,1.0,45.0,31.0,24.0,3.4
India,33.25,75.75,6.6,1.0,45.0,31.0,24.0,3.28
India,33.25,76.25,7.6,1.41,43.0,30.0,27.0,3.65
India,33.25,76.75,,,,,,3.32
India,33.25,77.25,6.6,1.0,45.0,31.0,24.0,3.0
India,33.25,77.75,6.6,1.0,45.0,31.0,24.0,1.62
India,33.25,78.25,6.6,1.0,45.0,31.0,24.0,1.6
India,33.25,78.75,7.6,1.41,43.0,30.0,27.0,2.8
India,33.25,79.25,7.6,1.41,43.0,30.0,27.0,1.0
India,33.75,74.25,6.6,1.0,45.0,31.0,24.0,3.64
India,33.75,74.75,6.6,1.0,45.0,31.0,24.0,3.64
India,33.75,75.25,6.6,1.0,45.0,31.0,24.0,3.12
India,33.75,75.75,7.6,1.41,43.0,30.0,27.0,3.7
India,33.75,76.25,,,,,,3.95
India,33.75,76.75,5.1,0.83,59.0,19.0,22.0,0.0
India,33.75,77.25,6.6,1.0,45.0,31.0,24.0,1.35
India,33.75,77.75,6.6,1.0,45.0,31.0,24.0,1.06
India,33.75,78.25,6.6,1.0,45.0,31.0,24.0,1.0
India,33.75,78.75,7.6,1.41,43.0,30.0,27.0,1.85
India,34.25,74.25,6.6,1.0,45.0,31.0,24.0,3.45
India,34.25,74.75,6.6,1.0,45.0,31.0,24.0,3.8
India,34.25,75.25,6.6,1.0,45.0,31.0,24.0,2.74
India,34.25,75.75,,,,,,3.33
India,34.25,76.25,,,,,,0.0
India,34.25,76.75,5.1,0.83,59.0,19.0,22.0,1.71
India,34.25,77.25,6.6,1.0,45.0,31.0,24.0,1.88
India,34.25,77.75,6.6,1.0,45.0,31.0,24.0,0.9
India,34.25,78.25,7.6,1.41,43.0,30.0,27.0,1.7
India,34.25,78.75,,,,,,0.9
India,34.75,74.25,6.6,1.0,45.0,31.0,24.0,4.04
India,34.75,76.75,6.6,1.0,45.0,31.0,24.0,1.1
India,34.75,77.25,5.1,0.83,59.0,19.0,22.0,2.0
India,34.75,77.75,,,,,,1.33
India,35.25,77.75,,,,,,0.0
